03VzAAMs5PrLM42XR7ijuc,0.54,0.923,0.531,angry
7xy0PAZxzGDOcYzyptvprd,0.669,0.181,0.683,happy
1BbocHcTYAu0wCS4NqgRsI,0.537,0.97,0.502,angry
0a4agFmqHXxcZl1nho1BxM,0.694,0.577,0.845,happy
3n5iUh2Z6P7cnWins22W0F,0.593,0.468,0.597,relaxed
2N9Cou3s4pxwsKZ9XLt70x,0.669,0.772,0.274,angry
5boibrn5Grky2xEm5aK13k,0.674,0.523,0.404,sad
21Izx09FQfTP4K27V1E2iZ,0.745,0.412,0.51,angry
1bX9AWvo7Q6Su4CfwmBf1a,0.505,0.667,0.152,sad
5esJb63Nbi1LeG0v4NyKTt,0.488,0.615,0.686,sad
5sN9NYU43a9yFYWhnL2frj,0.3,0.555,0.0784,sad
6wNF6hphTxhUiAmQG3uzbf,0.3,0.936,0.756,angry
6eT08jQH8w5BNfAec85k31,0.625,0.266,0.303,relaxed
1rLDTmI8quVUsGy9mzrXBx,0.268,0.982,0.366,angry
0x1wH5KDboIEu5rr73fst5,0.504,0.287,0.0778,sad
1RLWonWtQ3Iwbbzqbp74Uf,0.547,0.688,0.225,relaxed
4UMTp91LHhvW33ol9ZQH0Q,0.922,0.859,0.616,happy
2ILOKStuQTILjVsb1icklE,0.614,0.326,0.664,happy
4Bfxp472zIwiSYjZsK76EN,0.51,0.83,0.483,angry
7Cfotnb5cW0mQm3dMIP13C,0.492,0.693,0.187,sad
2NVaKeIAUZwN5tXnn12EMi,0.611,0.538,0.319,relaxed
1Sy2tZYvQf7q5yLvbx6gYk,0.223,0.482,0.321,relaxed
3T3ywM3H50hpyahoIDyUfu,0.352,0.924,0.387,relaxed
7LHZ7HA45ezKcdN8sBrBuS,0.309,0.767,0.413,sad
71geaRAZ2M5w08T3kl5Xvs,0.454,0.555,0.51,relaxed
05mzctclS0ZqqTLEiDIGkt,0.475,0.801,0.873,happy
0OBwxFLu6Yj61s2OagYbgY,0.63,0.788,0.63,happy
3GCL1PydwsLodcpv0Ll1ch,0.687,0.783,0.443,happy
3LgNfgXrsIr5ewmrlelU1T,0.53,0.938,0.245,sad
315XE5vrCBqLVVDAHREU8H,0.317,0.815,0.373,relaxed
1pB5Y2BPLez1J49KKKewUE,0.495,0.772,0.56,happy
4QH2mH5Jmwi9WfXGFwlHLQ,0.577,0.758,0.46,sad
65mxB9IWpmVo4qUjdGSxRB,0.663,0.72,0.608,happy
6pStbAcWY0MndSKyJQl4Lc,0.244,0.85,0.188,sad
54UFDHWI2q7WHfrGbSNWph,0.323,0.836,0.597,angry
6sxptembJVty4sNtcPMAVz,0.657,0.639,0.674,happy
1Mdyqd3IcF2tVkJZovxHvF,0.183,0.983,0.122,angry
6C4LXC9UFH1IKiHYOp0BiJ,0.543,0.944,0.735,angry
5gQ0LTbcX7gpQDg39gNLH8,0.166,0.956,0.238,angry
35ItUJlMtjOQW3SSiTCrrw,0.622,0.781,0.718,happy
1i6N76fftMZhijOzFQ5ZtL,0.721,0.521,0.942,angry
7DntAAoA5p9RyLsbF3AH4b,0.583,0.604,0.576,relaxed
0DiEexAgx4So48wvTglOCb,0.19,0.278,0.113,sad
5EYdTPdJD74r9EVZBztqGG,0.841,0.741,0.97,happy
7vrLphPq4yjaX7jiDdd2Nc,0.623,0.983,0.271,angry
2bTJpp7G91KZ5P2DlPFojE,0.265,0.869,0.492,angry
7wvv3OLPrX0pENjcDDLLbS,0.455,0.434,0.405,sad
0ZenWYpn5zoCCv9fZEZUte,0.351,0.835,0.752,happy
1ZR4QAYsiO9zPsGaMPW2OI,0.488,0.976,0.404,angry
1GCaJJ1JoTTlD6SvNTVlqo,0.812,0.546,0.871,relaxed
4BcrWCZPXuoGU0SnAsJW1s,0.333,0.232,0.398,sad
6xzzm22bl8aHP3cdPPLIrO,0.726,0.449,0.357,relaxed
40hrL4q3dxErnwzpIof6fc,0.385,0.465,0.104,sad
0iGu0ULXUSJRvXPCeEqHhO,0.316,0.151,0.263,sad
5jcNL4DreI4z4XnTfsx9SQ,0.337,0.367,0.608,happy
5KR4x5GCpSrwKxojlXOjYE,0.541,0.945,0.803,happy
1RbOObDFn7GOseR1w529Zj,0.752,0.743,0.832,happy
4UvwXOGb1J39WUutrlXwTF,0.579,0.729,0.758,relaxed
4zfOtyoKyu9y27KQphnIXp,0.54,0.634,0.0941,relaxed
5JFQ3UrgZPGHrGXtonPgLa,0.476,0.0871,0.164,sad
2gLDC8qAQEcuyKfiqyQbme,0.633,0.647,0.422,relaxed
40GFPBolcy0yucApV9uxq2,0.431,0.626,0.762,sad
66Yxbr2UODJjVBKdZtbnOL,0.57,0.301,0.808,happy
3NHXj1DBuoxA7HL0xfQAZC,0.718,0.806,0.929,happy
3q5YxzWc8Sx10l4nbUomIZ,0.73,0.544,0.436,relaxed
2bku1YWarHpKlxVC2FB9dH,0.359,0.625,0.524,angry
0oIox8T3bdGZnhQKnaDK2a,0.441,0.907,0.699,angry
52M96UxJzKkHFSHGNiu8Du,0.285,0.914,0.144,angry
0ypg59NyOVCpWVzd0SUsT5,0.626,0.92,0.421,sad
59tAS0swoeibMJQzySh6FH,0.713,0.585,0.776,happy
7ek3WWKA2pU5CMmKazoDYf,0.468,0.898,0.419,happy
6Zewjs7at1sPyc03lUoAHB,0.439,0.647,0.567,relaxed
0MuJLuEaZuXX8aMBFCrTE4,0.305,0.987,0.0395,angry
2wVY3XAbaIK0Kw2fzpuTSN,0.437,0.997,0.0419,angry
6HyVffzF6uXt9NHMgEkQpJ,0.61,0.951,0.683,angry
6dwhYg12fOFw8aUrnCOOqC,0.82,0.743,0.962,happy
6YPeTaHZIcocnoBNzZNRbM,0.645,0.753,0.578,relaxed
18lJrvDbhiENa2L2w3fDAl,0.598,0.503,0.57,relaxed
2hdy9Wt9qp7M7d0U3ossu2,0.717,0.587,0.544,happy
4rPLXgafE7QzpWGUPR2Nfy,0.669,0.887,0.805,happy
64MTLwN6HY8D3i3HRp53Ht,0.432,0.88,0.543,angry
0WkZQPNC0c7yrsMX1arVAd,0.643,0.617,0.881,happy
4Bfxp472zIwiSYjZsK76EN,0.51,0.83,0.483,angry
5HNGDpTuCJEc8PjOJRzZbV,0.376,0.297,0.584,happy
5qR5b6Coq6srVHsa7vi7a0,0.313,0.733,0.49,sad
11Q5n9PmpRQbbblwHygugt,0.256,0.831,0.161,sad
5ecZWU5uQOiCVSnPxBZNmT,0.599,0.893,0.591,happy
3wdDPUIjUsx82mzkfTf687,0.445,0.0133,0.589,relaxed
15kDeSxTxHd4bahl7YupeX,0.486,0.788,0.657,sad
7FMCSGCHA6hvU3A4NCxEqE,0.664,0.915,0.518,angry
0Ph6L4l8dYUuXFmb71Ajnd,0.425,0.954,0.933,happy
2rLAx6mTzaTYd0DborfvV0,0.356,0.805,0.24,sad
7fdVUpopM88uhovZqqF6Nd,0.675,0.87,0.791,happy
3BArWex6xe71XPIx2ecYlp,0.36,0.411,0.237,sad
2NXdWgbqBSqX67WERIzgo0,0.506,0.666,0.595,happy
1gw8W2OJ1gswTB7haYnQAG,0.337,0.947,0.135,angry
7mrhHmGgMFApoHmOmciCo2,0.595,0.54,0.465,sad
1gyee1JuFFiP476LQpRMYU,0.509,0.843,0.332,angry
04GPHj5NdoZxlztLXsPxXA,0.607,0.921,0.574,sad
3vD3Hqapwx1tNLGorK7Qec,0.719,0.384,0.515,sad
0Tn8FBEcA2KoptTPK8Iz8o,0.525,0.908,0.622,happy
1l6kw9xGfYQbVgsmS0ZQN0,0.612,0.4,0.251,relaxed
0TXfAQ5ohVQPzt4Mrr5azG,0.491,0.733,0.791,sad
0zGLlXbHlrAyBN1x6sY0rb,0.385,0.281,0.47,relaxed
0ysifObpXKF0PIuPiFyQxL,0.518,0.744,0.208,sad
65vssm44ghOVf4tBZMY2AE,0.688,0.662,0.807,happy
5PQhijtKTKgiKiyj8xolWn,0.387,0.997,0.039,angry
2KjmnyVafBbq4VEnrJ5rra,0.252,0.993,0.283,angry
4AwKXevZmsTNa3KZVj3rzl,0.441,0.9,0.777,angry
08e6U2QpbkKEeguPxKPqvZ,0.195,0.582,0.0382,angry
0Aveu2KsriohUafrrerz1F,0.186,0.997,0.107,angry
0lsTEAxLB5Q2L2PAoG6Ogt,0.686,0.545,0.611,relaxed
1Haw7L5ifbSer1iNhGamRf,0.524,0.468,0.744,sad
5d1V1d9QOBYZY9NY2C1b96,0.636,0.723,0.648,happy
6leusOAUcF7GjBp0SzHsml,0.589,0.654,0.383,happy
5E5rlGUOf6IlGQc3N0KeqY,0.618,0.35,0.682,sad
6vEL7E8TGzrxuxbrgdlkLL,0.775,0.818,0.826,happy
6QdwofpqDvvNxX88C9A0iQ,0.601,0.643,0.387,happy
6nz35DNIzbtj5ztpDEcW1j,0.652,0.809,0.512,relaxed
0gH7MNXQud3Pvnfv1zk3bL,0.298,0.97,0.156,angry
2eRmjYHL0FGtzUBW3S5l6x,0.824,0.912,0.8,angry
3P0ZKM0sJiwYl6LWAgU9YF,0.559,0.492,0.143,sad
2kkJENGuusOzj1vXN3s0xO,0.566,0.511,0.258,relaxed
0LwQ9eHU4Gt3ejDfEoM5Gg,0.409,0.123,0.243,relaxed
3F3R4uyTMkX9jRCEVVmdz6,0.841,0.458,0.224,angry
3Y1RpdfnVud1r7SMRiP7Su,0.536,0.951,0.551,angry
3y9e0weOHpPHJ9jx8kl2uZ,0.487,0.933,0.769,happy
1hn7bdJkKHJnHm8QUsrswj,0.514,0.762,0.417,sad
4FzDNGNtmp4d9ktAyzyC48,0.296,0.529,0.458,happy
74iQ3gahRTOGc19bYadBE3,0.9,0.709,0.897,happy
7LmG4gBYF7T53JVfgVVFKy,0.695,0.834,0.725,relaxed
1hW3ryc70LqbGs6USpIW4K,0.599,0.715,0.639,sad
0Azd88KPJmLqRx5n0H9CJM,0.495,0.377,0.247,sad
2BU4dK1fu1CFLjTBz7ju7Q,0.731,0.851,0.582,sad
03buZuYnP6IjQ7B9OaFOmj,0.273,0.382,0.143,sad
52K4Nl7eVNqUpUeJeWJlwT,0.712,0.911,0.85,happy
6xHCjpneuA34NpmWrV4LKf,0.644,0.852,0.629,relaxed
13AO6AQ9Ehe3MY4RiMKS0e,0.31,0.386,0.509,sad
7FtRUrOEDUHTvenvp1BqZo,0.314,0.417,0.294,sad
3L0Q1AuD1kEx1DMO52H9IQ,0.517,0.681,0.323,relaxed
09ORSynamyltVPUrxJzxkZ,0.442,0.744,0.244,angry
5FnyVsDPOblZ8gVvaXta9z,0.742,0.483,0.638,happy
3IXDcU9l3UUeN6BdTguMYV,0.401,0.909,0.797,happy
3EUl8M6SzxZl03NPkB8mUd,0.702,0.632,0.457,sad
5gZE3gjRCk7JFkmw8n1DLf,0.453,0.895,0.452,happy
3gOzKbPb3Atac29uUNY08H,0.282,0.95,0.0814,sad
3VLCtStwYsAL4LKZgeUvy3,0.52,0.379,0.208,sad
08OHzBQPVC0QBpHuUteaW0,0.217,0.788,0.113,sad
6B8czH1kJLkcihMhFdr6Xp,0.32,0.688,0.544,sad
34D6mvDTAPypm92EPs8Rxa,0.54,0.465,0.341,relaxed
1KKvumpYrpAW2ugEeKW3LQ,0.695,0.278,0.501,relaxed
0wnJdLDUi9fkDl5nxhDlqO,0.697,0.828,0.926,happy
1fSzuWJMP4X5lqbyJPIzkX,0.609,0.639,0.524,relaxed
0DsMyxW59yojgt0au0wWic,0.408,0.981,0.184,angry
0qB5jLzJHDyhMTLcTtzSbG,0.379,0.95,0.316,angry
3uOxi3XD2dfSlUy3q1r73V,0.594,0.186,0.393,relaxed
0XFPXDISKbec6Ff4MdJHjX,0.292,0.156,0.133,relaxed
5jzma6gCzYtKB1DbEwFZKH,0.651,0.801,0.776,angry
2Phq7kFebjWp2Gi5ungSWF,0.527,0.224,0.178,sad
1jLBjt2naw4K787bJ16iCI,0.299,0.982,0.43,angry
7A5qOucdF0zyXo2x7vAoCO,0.511,0.607,0.648,happy
31A3oqQxDLdG9HRx45z62d,0.602,0.684,0.961,happy
5Q1WrsTDRJQXKlqLUo8YkG,0.556,0.762,0.332,relaxed
2zYzyRzz6pRmhPzyfMEC8s,0.573,0.913,0.422,angry
5OBriDrN0dLdVcPyuGS5m8,0.583,0.486,0.812,relaxed
5lJUXSjRjevVy7I3P87wuK,0.532,0.768,0.698,happy
3tF8QmI7HtceDBUdOuZHr6,0.469,0.811,0.561,sad
0LAfANg75hYiV1IAEP3vY6,0.762,0.954,0.933,happy
53aFGAl0Vebwp2bo8wtdWR,0.432,0.391,0.744,sad
7t5xZo0fUxFAU8B8LMo49R,0.662,0.61,0.587,relaxed
2dAIPA1IY8qI7VPj7OtjFK,0.488,0.721,0.571,relaxed
2dhjLRNYu5pZV8NdfbkaHv,0.405,0.534,0.239,sad
3usYwtFGmBxjLOtUGbGUEh,0.418,0.85,0.524,relaxed
3eC3vjM70I5jCxdbAvxDKq,0.67,0.449,0.581,happy
7iIu4Vf0vQsDvbYMJlfR5f,0.526,0.964,0.236,happy
3dYmruq1HiKJeOQ8h1OEfz,0.745,0.755,0.847,happy
1fplcK4BIi4k5hzp2DJ0kt,0.282,0.987,0.377,angry
4X8eI0IxdwyixaeOPOeeGh,0.255,0.346,0.0633,relaxed
6q3URBXG6Tr9pMU0bOlvrc,0.331,0.775,0.661,angry
50kwzxM2SYI8Xattr8Syup,0.795,0.733,0.737,happy
1Mt6BsusgJJln2FMyGFLg1,0.48,0.859,0.311,angry
4MLYH01rrqDifXe06KAkfz,0.655,0.842,0.727,sad
5w4s2ccJcpiNlajHVGtHDg,0.466,0.965,0.574,happy
4UtqFgWCzESmaNfBd48TCn,0.619,0.776,0.522,angry
2N89t3IAX0QQQMNREk3dIY,0.331,0.936,0.247,angry
2iEiNnKtDbbRLDGMmtft19,0.476,0.987,0.621,angry
4gYrJ3JZsvaixzrpT4l6Qw,0.41,0.999,0.146,angry
0Ts8bcZmPXIcdZfpbLBge8,0.55,0.256,0.251,relaxed
6uGQKWdjmKvgH1QdDCcM8N,0.786,0.611,0.787,happy
6o8bpkuFMRS2b25Vui9aDC,0.436,0.881,0.262,sad
0CUEc6T65lrU6rVW3HVYsl,0.829,0.839,0.96,happy
4qVZBA7jWL23SEWOfKFjiw,0.44,0.954,0.538,angry
5dIcC2RTD2BOHTC1F0jrIN,0.696,0.133,0.653,relaxed
4sGwWTjI3z9qdLzGYUtapA,0.503,0.795,0.125,sad
0K2vTerD7tLuGeT0UdpVFe,0.442,0.87,0.583,happy
6TABWfWzUPUR5mZHjLUsv2,0.177,0.803,0.138,sad
1myKbSaPIJMLpKfXoQGDiF,0.18,0.803,0.145,sad
2JgYVZyTnrH7dKWXAiZzm1,0.505,0.867,0.336,sad
7hU0ZQFx21ACgr7VfN77eZ,0.869,0.751,0.586,happy
0R50DrkR0qUksumbLAMyMf,0.761,0.801,0.891,sad
7wz8LNfmGZ3C0PwKW9LdDg,0.48,0.923,0.44,angry
4yolUSLD5blUiQNV2HmsAD,0.328,0.177,0.353,relaxed
2ymeOsYijJz09LfKw3yM2x,0.651,0.668,0.972,happy
79nOKa4cC3oMkzJT2kL0Jk,0.573,0.62,0.816,happy
1NztqYNINrAChx8XESTNwn,0.248,0.997,0.068,angry
1nSqYL7YGQaDtu5o0V6LpS,0.611,0.702,0.302,angry
0Jcjqx0IPMmK7se9Qn0B54,0.624,0.438,0.2,sad
1GXPBNGMUFyG56Gf9pyMQo,0.606,0.662,0.817,happy
4TJzAQN4lSRLMafylE0c4a,0.491,0.685,0.194,angry
6Hqtp4jSJwUe5YK3WTgp3p,0.384,0.99,0.431,angry
6qWUWagkgHxEXAebZW2ij3,0.941,0.63,0.935,happy
2aZE7FePhgebZkbSlKpZYX,0.524,0.98,0.396,angry
1bw2woPnnaR3KU05MsVsWx,0.31,0.969,0.564,angry
760420tYNmNjFgi8bWvbop,0.81,0.526,0.811,relaxed
3Ob9DuVZAtQHH1JMXWfWWV,0.46,0.823,0.147,angry
6Uq5Vi8UmZGzGIicjkkz64,0.862,0.904,0.84,angry
5Io6erQEbeMrDwpLClYLuF,0.283,0.923,0.569,angry
0Jf9d1BEYPcxK8NwGj194O,0.648,0.305,0.823,angry
70Gyr3J0em5JccIffFkBDw,0.727,0.479,0.581,relaxed
0xAhbD6lCf5re1RXl5yiTm,0.609,0.611,0.916,happy
5VjvOFkOJ2ZuprRKeFYpvx,0.565,0.428,0.712,happy
4rpNjW4HXxh8o5UwS7UoWL,0.719,0.299,0.446,relaxed
7cCNNBmNB2CNUhWh7C3fnp,0.579,0.63,0.33,sad
4INBCWNhGrr7GkOs0QwMcU,0.249,0.0137,0.203,sad
57axPQYc18NU5PhBEJru63,0.198,0.944,0.181,angry
1QlIB0pkLKR8vEDSW7r42t,0.623,0.787,0.791,relaxed
2V7AlCtwsvWaondWeo1hvm,0.689,0.419,0.529,relaxed
21lljWLLI0vIPrco0kQNoV,0.279,0.948,0.416,angry
2IvYUTsRCivlheereaqACw,0.568,0.94,0.35,happy
48LYcLfuBtTfKD6DLlyOyj,0.404,0.542,0.269,sad
5HUqK2g43gAWGaOP5e2ru9,0.711,0.737,0.85,happy
5VANqRRzSEkEuAi4oO9yag,0.207,0.863,0.47,angry
3HrNkxybHgl7QqAvUDgFJ8,0.536,0.883,0.69,happy
1sxOACEZ2xAMRB0TLaCwIl,0.496,0.952,0.588,angry
5sj71X3Em004zkOXXQpUcG,0.41,0.948,0.482,happy
5e2KiJXyu2o0sucvwNnDqz,0.649,0.445,0.489,relaxed
7jA5OcunWRSYXq98puhAX8,0.499,0.468,0.0763,angry
2eNUZar9OSszYd1mOpnVLu,0.622,0.458,0.779,relaxed
2QQtU0PR4LtTyrCluPURgA,0.619,0.45,0.291,relaxed
4dBZKtBAEv1oMrZub2UUgM,0.514,0.597,0.26,sad
14xn4Vx0GPQix4ObeJysBi,0.644,0.946,0.53,angry
53RYTfkLiyZuUZHwJC3Wmm,0.135,0.239,0.0378,sad
33AQv3sfvHmtGfYNIJpi96,0.658,0.776,0.731,happy
6060B2ritHcstUzSG249dP,0.501,0.0466,0.133,sad
65PHNP3b6lwj74BCJolqJi,0.496,0.838,0.527,sad
0XDv7SLyMkGcAnb12fMHa1,0.68,0.665,0.862,angry
2KeNSHFAoULjXHjE5cMJE5,0.235,0.593,0.145,sad
0eebK2g5GVdkKyYWV33wD3,0.368,0.0448,0.22,relaxed
5pRg4rxlWQS2J9cpmISPL0,0.697,0.795,0.947,happy
10kh9WpO4XlJWhJKfW4I7t,0.76,0.595,0.745,relaxed
7cz70nyRXlCJOE85whEkgU,0.351,0.899,0.508,happy
0ZuIstS2vy1OxfHfEnsXv3,0.519,0.215,0.11,sad
3WUE4r2QRLSPQsRAeVmfvW,0.668,0.0199,0.0414,sad
0obCXR93gkfParKyDWxllw,0.397,0.915,0.621,happy
2YbH38e5nTvDeJOEv1Fbd1,0.498,0.92,0.584,sad
1GBne69tjYyka9cTg4vPol,0.36,0.748,0.33,sad
0uOskbuGVd6E4IJqOpp5nd,0.149,0.298,0.0367,relaxed
5wFdcY9O6cEn1PL6V3AEmu,0.786,0.46,0.861,relaxed
7wyVuNCEr1j8NfG1vwMXZp,0.357,0.961,0.251,angry
2oO0aXcXFS3yhCBB83q8yE,0.567,0.609,0.108,relaxed
6naxalmIoLFWR0siv8dnQQ,0.751,0.834,0.894,happy
6RcQOut9fWL6FSqeIr5M1r,0.918,0.918,0.882,happy
0tURbnatc9qCxlYpXuPK8I,0.594,0.464,0.765,relaxed
1ivJ1VGhFOYNHgD4HtytvB,0.544,0.809,0.232,relaxed
3ohLnESFgYACPMCkoTOzqE,0.533,0.638,0.937,happy
1YRySc8mZGrsS7OjtDn422,0.668,0.794,0.698,happy
0prBFY9tDgh3oEBRNXY05n,0.302,0.826,0.435,sad
5xK3nni31HJmesT1IPnw6Z,0.431,0.566,0.148,relaxed
0mj74TvfDiLtBBQvCzW3DL,0.783,0.628,0.45,happy
3sJgsnM4yJTBvoIPAwBprX,0.435,0.991,0.156,angry
0tYPj0NYa7vjlJaqlRSnJb,0.797,0.586,0.768,happy
5sO96hDjkKkjpVV85CEw3o,0.457,0.457,0.16,relaxed
28aRF5Qb0TBKFFa0KIsufd,0.849,0.806,0.819,happy
1GeECVH4Msg1zLm8DExkbH,0.96,0.895,0.92,happy
5ic6aBdaHSqTr9HsFNc2Ul,0.59,0.868,0.848,happy
2k6hpKTyubRVOmQR11ViY3,0.499,0.637,0.103,relaxed
59FzvTbXeHaF2POKmoMr3k,0.364,0.182,0.1,relaxed
4vJr55lngvhSM8WIh9CjQc,0.274,0.726,0.426,angry
2wRhOIH2XcBvpoCsjddwby,0.266,0.817,0.314,sad
62MvOm06LFr3kNcejEwArD,0.395,0.98,0.561,happy
6ttOR8tpvZFmQXuWLY46TP,0.286,0.944,0.271,sad
467TaQhUCDl3H27aE2zaio,0.511,0.94,0.366,angry
7snQQk1zcKl8gZ92AnueZW,0.446,0.952,0.624,happy
2vzRDicmCblPDq3vdY8Rjg,0.765,0.59,0.431,sad
2wkPiCrIJyslR9BCcEl7SS,0.567,0.754,0.962,happy
6Zh9b9bty83VzIekHnbSuT,0.663,0.385,0.325,relaxed
3hUTwUiS7H79Po2hnErd8H,0.293,0.95,0.331,angry
4snp3oSET37A4cdpjHD0bq,0.433,0.659,0.403,sad
4TOZ8TuZQRMEgJjNsgewg2,0.405,0.996,0.182,angry
5qaxeIJLARExwa34d9TuYp,0.807,0.904,0.809,happy
1o34NeG7e8g3pw1WDCqqFv,0.597,0.942,0.815,angry
74HYrIbnpc2xKCTenv5qKM,0.643,0.535,0.564,relaxed
7N1Vjtzr1lmmCW9iasQ8YO,0.813,0.703,0.241,angry
5Wt2UAS92w2ZyDqX2dOEBg,0.92,0.778,0.965,angry
0jTTjg6q4jsd2RhuHwTvLj,0.694,0.709,0.566,happy
4w3tQBXhn5345eUXDGBWZG,0.554,0.783,0.813,happy
0Vcpo9El50PNNbZXfKbNti,0.539,0.982,0.145,angry
46aZJc0z1HHHSFxaIRxYSP,0.801,0.674,0.875,angry
60YSrrQDF4AEJUM9NRSqmK,0.681,0.836,0.46,angry
7114JMdpaHhNEOlIY0Ljze,0.796,0.408,0.688,relaxed
7s9lVgi9Hxt1vbfndtJIYG,0.579,0.333,0.485,relaxed
5v3TSHYm8BzbON2u6QBEG7,0.295,0.545,0.438,sad
678Fh7cIfN1sLqxsj5sc2G,0.403,0.891,0.427,angry
2jZe7EcHmEtapkAh05ZEdS,0.48,0.635,0.471,happy
2c7AnyxXkbemyTEpzprQVx,0.59,0.474,0.235,relaxed
3yuvhTtHD1cMAgUEsTe1yL,0.561,0.906,0.595,happy
0X4i3xBk5mFjdSUE9Nc9e5,0.274,0.875,0.272,sad
3YBTxokhuaszeWCOXC7FQn,0.444,0.409,0.544,sad
6hIroseB9TaxU9a5lhO4sD,0.267,0.957,0.141,angry
4gUYV3ktbaOeAK5KrXMWV5,0.563,0.705,0.822,angry
1p50Ir1Hm6Sa1urjaLGi7L,0.61,0.827,0.295,angry
68rqXl8LTdwEd2u0QMkWvi,0.824,0.687,0.717,happy
6jV3XfTAP1S3SMChxJ2kJh,0.759,0.889,0.886,happy
1YTuMc934yzN1PKjSIaspV,0.739,0.669,0.857,happy
6LzZ1ipLLqDhi15FMjadwa,0.144,0.994,0.0391,angry
3KmNFfvM2EyGdNPwDDJCp7,0.38,0.724,0.142,sad
16dTcp6dokMKhm1Guz9K2W,0.526,0.83,0.187,sad
6dL7YebdUbJKGIbFLmRWvM,0.442,0.96,0.533,angry
0W9f3lY38EJj0Yw6auA6Vv,0.555,0.386,0.358,relaxed
3h9zGJCR0ayAxxub015xb7,0.53,0.827,0.379,happy
0XiivUyimrmkUyJkKiILPW,0.409,0.986,0.459,angry
03CMUlyOZzrNXJnb8Vzm4l,0.524,0.446,0.272,relaxed
3Hl5UjXyGKjI75khqziYCn,0.688,0.848,0.722,relaxed
0Jn2PCcOJoZNzsOeYLzGk1,0.274,0.534,0.0333,sad
0Tk3TlKSOdzr0zfPz6hhUp,0.464,0.381,0.0739,sad
3v0uXfyMEZ1lGvBOv1Y4ar,0.679,0.903,0.872,happy
2RRFTLIglxHgAYQzsSLI4Y,0.54,0.507,0.473,sad
1UmBzOxo2yvxnf1LffwBAo,0.478,0.776,0.367,sad
5xABQiiRBuVWsL9zamoj1G,0.323,0.982,0.48,angry
4rA3vrrPjc5hFXzhfXjCEM,0.711,0.199,0.506,sad
57TaM8GozkJBz90xvQ1xME,0.566,0.585,0.75,relaxed
3jagGO7eHHuaD53ibehkux,0.364,0.935,0.478,angry
7EM7dE5PeAeZh4BIRq45Z4,0.333,0.506,0.297,sad
75IN3CtuZwTHTnZvYM4qnJ,0.869,0.68,0.815,happy
2LZFfEFpWhCqT9ieQTkqwr,0.574,0.39,0.322,relaxed
6H7nDglS6xWpRidbhMwI2L,0.529,0.511,0.559,happy
1TWRuQGGSmjhh50kY3uC0t,0.811,0.53,0.6,relaxed
76wJIkA63AgwA92hUhpE2V,0.79,0.799,0.751,angry
2OuNnwnNQyWrF47pthWxNb,0.133,0.927,0.5,angry
6qmWUrLqtHXy7C2UBDEDQh,0.423,0.885,0.628,relaxed
47MLKnVQpYNzHQps6EfULG,0.499,0.505,0.598,relaxed
5YZVXowzVCHUk5Cp0H48fk,0.601,0.917,0.11,angry
0LSLM0zuWRkEYemF7JcfEE,0.812,0.516,0.633,happy
0jVDUBHY2SziMS3MwhKBpJ,0.165,0.0483,0.0685,relaxed
4ZD6SiaJi75smnel0d7jl3,0.49,0.841,0.697,happy
4m9yCjMCg0JbACCo7rAJ7N,0.604,0.658,0.91,happy
6QJkYv3Cgr04n5vCBz2lrF,0.363,0.92,0.21,angry
6H6jikiotP4Ygv5oxPGPDW,0.356,0.987,0.412,angry
5g924DBWMk3Crw134IO0Sj,0.466,0.947,0.0772,angry
19MMMKq4LzbTvhOMYccIRd,0.487,0.491,0.435,relaxed
6QmDfZSMrissIiFADcmGGf,0.287,0.199,0.217,relaxed
2uWMj52ImAeeGQFJmVlU5H,0.791,0.541,0.841,relaxed
5mokboUpvSxFY4vHmpCheF,0.629,0.248,0.372,relaxed
7HxSyRpQ4dP5OV9FVypDAh,0.374,0.916,0.631,happy
7n00odRuVpmiBWUZoU2dL6,0.395,0.693,0.159,sad
1mw5MkaBQwKfz4ecH9IW7D,0.339,0.259,0.257,sad
55d5KYk44Yr0PDTTnDirJC,0.606,0.608,0.537,sad
72Pnc2r7k6TA0SLzapYV2u,0.296,0.0816,0.361,sad
73SsX4CUXflgE4AupsB6Fr,0.803,0.852,0.803,angry
0iA3xXSkSCiJywKyo1UKjQ,0.623,0.709,0.948,happy
3bYrxDub4IJVA0g0FAbiYd,0.839,0.399,0.437,angry
3Mzqw2mz9YMKjjCEmypYfZ,0.855,0.726,0.56,angry
5Vrczz39CvlD3OGCa6utoA,0.82,0.464,0.872,happy
0mZNKyrUmsrlDRoYHWsyMu,0.672,0.897,0.777,happy
1nZkrUFLq265za9lofFO3p,0.848,0.691,0.922,angry
6o5LJxDnSgLsXK4pcIOsQg,0.356,0.123,0.163,relaxed
1avUZH73ZAGkFeKwBPswZE,0.402,0.827,0.817,happy
1G87Q1OeBWtnPzBfnFcUX1,0.319,0.173,0.301,relaxed
31b3z9PBc2y6gSSbgXSVJb,0.812,0.616,0.845,relaxed
19g7rdVgVgC5q3x5XYj6Wk,0.653,0.502,0.363,sad
6KoY9LSh2CikzGMCH3jrVY,0.532,0.778,0.728,relaxed
5PRJcSkPaDhcgc2eDGzxtH,0.31,0.979,0.115,angry
033N3Mf87ODmORg6YO61cm,0.801,0.714,0.496,happy
2lCBcps3vL2smlpO13g0to,0.347,0.0789,0.164,relaxed
3n70oQQMuS4jRxvDbqAsHu,0.718,0.895,0.855,happy
2HlKSufhcnPDZAS1S7jLg6,0.753,0.779,0.62,angry
5FvlQZTm4eOGeUiAB1bKc9,0.558,0.959,0.522,angry
3PIZLOw5ZUkANySOvfCQkv,0.525,0.384,0.157,sad
1AvrWYdBAIAN5Su7wEw6C6,0.428,0.586,0.25,sad
5X5wkmwPA1rQwtBdh2SNTv,0.366,0.848,0.162,angry
0Lswx5g3ReMvgXhXbsgp5t,0.494,0.353,0.185,sad
4mbljJEr6SyhcImsdSWmz0,0.343,0.982,0.372,angry
6HlFxHQ5nn6HYGxOOYIrLm,0.593,0.933,0.497,angry
4f8hBeMXMvssn6HtFAtblo,0.654,0.452,0.691,relaxed
6Wiyd7AsRdXvXGrxNkbqQ1,0.738,0.562,0.476,sad
0fgeMBoicPh1ZiXkJVCi5E,0.243,0.997,0.0555,angry
2zETdkc5Wm23NLHEWDillV,0.338,0.974,0.398,angry
69dDr3w8IIcOGKwlW5XntT,0.582,0.232,0.238,relaxed
1yrquRdZk965GKv2kDHGpL,0.508,0.924,0.18,sad
6M2tqmsSytUi9o42LTjjFo,0.7,0.0752,0.632,sad
1Ue1EeFy3jpKQLTR4HKMYF,0.573,0.81,0.756,happy
7bSC1LGg4kB0oltSx2E2eA,0.304,0.926,0.155,angry
2Xh7dyCHCErCv3PmdVEGw4,0.834,0.823,0.763,happy
31uidLEHAcF8Cw1cX1VCS8,0.333,0.497,0.113,relaxed
46U7SVM5rsLs7EZaCczHHp,0.238,0.947,0.189,angry
0OAfv038kxh9xLGjJ7fRLi,0.627,0.641,0.712,sad
6Zbv79YWB0iZSXwIwEsIOP,0.416,0.883,0.788,angry
3ci1aGelb4y8BxI5abOwCH,0.289,0.998,0.0374,angry
5ahPl557niKxia8Kquw1yh,0.479,0.886,0.489,angry
5TKz8J4Noz4nZSFIOpHpMm,0.772,0.669,0.953,happy
5xFqDS7kANSCyzne6yqjIV,0.199,0.903,0.207,angry
1zEWet6TeWLmKJ96nyyXHU,0.707,0.633,0.596,happy
7L3KZewp6PJjUpRLlWtrQR,0.567,0.846,0.943,happy
4wMZXHd1NGlxqJexmXF9ge,0.597,0.921,0.96,happy
7c010UJj6NGc5QcM8EaIt3,0.554,0.56,0.315,relaxed
4xOTVtbCPcfxMs2hSt9D6i,0.925,0.388,0.359,angry
5W8YXBz9MTIDyrpYaCg2Ky,0.589,0.89,0.692,angry
62cYasTwBy6Y7pstdSTmHu,0.862,0.707,0.849,happy
3gYpsnUoDr1XJLw7f4EpZT,0.357,0.98,0.275,angry
1X62K9yd8TAsiaQCugXCCy,0.177,0.849,0.0624,sad
59WN2psjkt1tyaxjspN8fp,0.466,0.833,0.661,angry
4fBCB93PpCeFrmwP6sa9PB,0.37,0.938,0.437,angry
5KNiyBWSCzzSbZxoTPlkFq,0.589,0.316,0.477,relaxed
0H12Tb13XgOBIBVRamZ5qM,0.558,0.745,0.666,happy
3MjCBrdnwQbQGl4UhXHgzP,0.777,0.886,0.962,happy
4Pnzw1nLOpDNV6MKI5ueIR,0.295,0.0826,0.169,relaxed
3BJGwjQUlDPWzQeH3UA18C,0.761,0.904,0.912,happy
2QhekhXyyv08O3GAWuhklR,0.526,0.456,0.181,relaxed
5e2O3aBvM1jXxS3HbHioLU,0.388,0.732,0.791,relaxed
1L0rReDmm7sIYyHOdQlDIY,0.393,0.172,0.182,relaxed
6wDviYDtmSDZ0S6TVMM9Vc,0.736,0.689,0.95,happy
0BOav0FaagyDhh1FGw3Wza,0.485,0.364,0.494,relaxed
1EvG6DImPvp3pfPAgWzzGa,0.552,0.244,0.0461,relaxed
77xNKAq581eD62ipzK81yc,0.51,0.203,0.482,sad
6ZAuCrqQWJUgSh4Ttdwlob,0.254,0.556,0.219,sad
3I6IRm7EjPea5vZKAnl4j4,0.605,0.91,0.801,happy
4tUOFydV4QoeqZOIoxzHNk,0.512,0.793,0.268,sad
1Oa00qGZCvl0lcjwmznvAp,0.709,0.525,0.911,sad
5LZLOOTwrA0HgTszqCgZ3C,0.547,0.145,0.343,sad
4liCRbkMKuBHFq4pi8ZY2i,0.32,0.982,0.111,angry
2DUkbddNcFTVwLvzvj7lUV,0.74,0.671,0.894,happy
36gQBgUJjbRbrMTyQUNl56,0.189,0.977,0.164,angry
6xOZCV4EPCupXwvqajSKzq,0.541,0.943,0.779,happy
3Enw80l6o1fUYaFSaCQfS8,0.296,0.906,0.275,sad
5iV7MYBfzSIPLeP3nzNQYp,0.114,0.959,0.0688,angry
5R3F8oZ1m36IcNm6ioYZz3,0.618,0.819,0.945,happy
2ZPOHNME2LRuumFiTMVCeC,0.729,0.529,0.272,relaxed
0LjyfGDTHiKfdIa85y5oti,0.47,0.62,0.52,happy
0ZGC492TCRtYxYDTjdQQSC,0.592,0.366,0.399,relaxed
1YclHhJW1ZQAUea6vqHDR2,0.529,0.544,0.0397,sad
4jGfAr6g3ynGEJPeL1vnjK,0.413,0.461,0.167,relaxed
4GKVuy4GRqRID0qUutva3k,0.351,0.445,0.0397,relaxed
4KGyQfes7t5BiaoBvs380e,0.454,0.778,0.704,happy
5bTreLxwXfycKKyN9KftfK,0.308,0.935,0.671,happy
7H0OWqybanoiXV9HZKfwBh,0.563,0.959,0.81,happy
3B0GXJ8ssdSk4PFlOsTbQd,0.408,0.772,0.165,sad
7LEIMTGNUXTOWAexYlZXOB,0.514,0.46,0.422,happy
0lGQyNeR1XM7gkcwg8p4Pk,0.407,0.158,0.123,relaxed
1Q94WI2punbv0tABeSch7n,0.539,0.949,0.225,angry
6MMuI4k4Vs5ghtDH5i2hBg,0.783,0.608,0.429,angry
6FXjVsmKPW93LXRFYhfmmw,0.745,0.894,0.971,happy
2k84QmZ0JND5hFwFRWS2WH,0.711,0.523,0.475,relaxed
7m8leIR2d0XtLWm1lPXaKu,0.221,0.991,0.164,angry
3yjbzGRfkULIWrpVbLttuX,0.379,0.37,0.194,sad
0GxqCJ9d3aNAc6UROiV7os,0.381,0.0787,0.178,relaxed
74v1pkfsUkCpawESagwpdb,0.472,0.46,0.375,sad
3NoOwvxhI2yMYknxqnFUVx,0.401,0.907,0.317,angry
5KF3zQP0cqLklYnF6riogg,0.408,0.414,0.832,sad
52VnbCW97efS5ycFHiw15f,0.418,0.578,0.64,relaxed
1UJNbgfTzG1gZZTWFJdMf1,0.705,0.751,0.819,happy
15zUyQPa91SOSeBf3w4ofr,0.503,0.691,0.302,relaxed
3bRp3zbbnqsWKNo0AYvopt,0.234,0.886,0.404,angry
2B4xg9cc7s2ug39Mwq3BFX,0.506,0.292,0.606,happy
7nkDYXJyGCxdxjxAvZeV6X,0.558,0.535,0.259,relaxed
4Z9R2haJASztRkUgh1Cgai,0.662,0.717,0.506,happy
4ACxa9buEUnOdYEoPcnMpi,0.815,0.605,0.795,happy
62LRJyUMu4OOtOrNgO6hCP,0.497,0.795,0.0829,relaxed
59FwEQpuagQZQVP71h9OIq,0.507,0.857,0.0781,angry
1es8ze3yvUplQRN98gf9cQ,0.468,0.857,0.354,angry
1FbdOL8kZCenAcxsNFD7LC,0.722,0.683,0.712,happy
5VTckb8MCKolqj8dIPi8KB,0.588,0.419,0.477,sad
6hoj2fpD27ELoVe2aK4fom,0.644,0.819,0.904,happy
6pMtdOSLOtTtd7fmtqeqGg,0.559,0.467,0.123,relaxed
3t3cv2Vb8XzjipocvYP22U,0.601,0.89,0.688,angry
6RGV97HIkgZJjme2dzilfg,0.343,0.846,0.403,sad
3BOQOd4qPpdiwvqMQyh2Yg,0.614,0.901,0.636,happy
0jKqcTDzbUv7chWlJiAuR5,0.466,0.908,0.364,angry
5ZBeML7Lf3FMEVviTyvi8l,0.482,0.849,0.937,happy
2F4FNcz68howQWD4zaGJSi,0.321,0.474,0.804,happy
0WPXlTF9IADmeaX86DoUr8,0.354,0.387,0.208,relaxed
42Gf2WCxCBYJoOLNIdVL8z,0.238,0.991,0.103,angry
086YwJQkdTiNqguJr05TG5,0.421,0.877,0.268,sad
7fxpqs4G8vj3rFYbJnsG7w,0.419,0.916,0.496,angry
1KsI8NEeAna8ZIdojI3FiT,0.641,0.894,0.972,happy
5wa2hZB7RPTiXuapfogEbU,0.158,0.541,0.258,sad
1eBpZAR0okmSHC6FAALaG9,0.492,0.968,0.346,sad
6rkLXv6jLFgCaCDTqFktCd,0.579,0.962,0.571,happy
6tetorrFfVEwugqcgfwEm1,0.83,0.738,0.962,happy
29QTIYAxeUMDWZK2J4Bosz,0.895,0.917,0.911,angry
6bZxJ5ZlC3piFgteNgeWSo,0.727,0.533,0.223,happy
1Ulh5rWbhhV3PltDadTBZC,0.693,0.0681,0.599,sad
2QuqBHd1y3N268XVe2D115,0.289,0.674,0.211,sad
1FLEVJaXv8vZwunzQZSHLK,0.631,0.621,0.559,sad
00sydAz6PeOxYzwG1dRIPi,0.235,0.977,0.241,angry
5piPHieFIgwZjWGwLtIax0,0.212,0.973,0.112,angry
1PENRhwhQ1gihMdBrq4Ilx,0.371,0.386,0.39,sad
6JH9yWhgbm0y9iAJhCslNc,0.704,0.57,0.524,angry
4Lxn1JlGJwmmXpODrNvPA6,0.575,0.906,0.672,angry
4qqfI5oNO53a6W7nWfutKH,0.545,0.454,0.869,happy
1sDbvdJdkJ2lt0ZGbjtShA,0.461,0.845,0.197,angry
6pmuu4qSz2WrtGkBjUfyuz,0.61,0.819,0.454,happy
2XHG1C3ksw9EAclBFDYZ2M,0.285,0.93,0.0341,angry
3kwkm14xPH5xsLRR5Fwx5M,0.495,0.99,0.615,angry
1UwqBuo4gLWhXOjLu4hukb,0.928,0.306,0.455,happy
5fPiWCdaoQHFTWWyrKB4CH,0.573,0.96,0.32,angry
5MIoOiIkw77j5OGDlDbM3v,0.343,0.945,0.816,happy
6zkTYKCmx2YUzHwK8mARyL,0.233,0.971,0.0708,angry
4IQY0TThr7YebYWf2X07xC,0.279,0.889,0.495,angry
71kDpNoFnT9bJjaM0pfQl3,0.442,0.357,0.324,sad
4eAwB5pnKFTmsgc3zWoYO0,0.615,0.949,0.586,angry
5WwKzyAOGvnNqTIs0Tk8ei,0.62,0.978,0.486,happy
2Xwt7oYOO7qocIYNgirkLy,0.699,0.678,0.363,relaxed
3kadyssBaj5KzZiVxPjvRI,0.417,0.939,0.64,happy
7JGAMm6alQT6AAN8OTsy99,0.48,0.835,0.0649,relaxed
2KH16WveTQWT6KOG9Rg6e2,0.817,0.599,0.548,angry
4GhVfmoRGg8N82nveeQgh0,0.781,0.267,0.299,relaxed
3BxWKCI06eQ5Od8TY2JBeA,0.544,0.823,0.434,happy
3IRuLLHQSIvGAlnyLST7Ut,0.6,0.285,0.383,sad
7jMl0r6ROhuUSaTj40INId,0.196,0.975,0.0917,angry
4jWK598wEA0X0tQm6xIcPn,0.262,0.991,0.0382,angry
76709jfVPvKWp7ChPQjCk7,0.452,0.754,0.507,happy
2RaA6kIcvomt77qlIgGhCT,0.362,0.961,0.491,angry
72pFw0zZA2qmHwasb6Dt1x,0.33,0.953,0.373,angry
49jWPMEvoGPNRYSd4vEXSo,0.682,0.518,0.763,relaxed
0G3ImRQDWtOTwTK1oL5uWF,0.887,0.847,0.739,angry
2VCuXCtoOxST2HxOj1SWaX,0.358,0.174,0.193,sad
1lYaDA4d43jJ6cllLiAI3t,0.416,0.769,0.287,relaxed
45YjbmNrNU5JIUqDeVpVkR,0.359,0.994,0.16,angry
3LeDLgQVWEB13IlhxR9iCu,0.537,0.574,0.704,happy
2OnJ5RZuyi4dubXKY0gEWM,0.493,0.473,0.0889,sad
18YRUsBTJGmRGW2rhmA1SS,0.64,0.153,0.34,relaxed
54rn4mAECVoFxqUtrh3W9Z,0.84,0.713,0.965,relaxed
39lSeqnyjZJejRuaREfyLL,0.691,0.812,0.685,happy
1PUt8OaJs715TN8WldLonX,0.491,0.833,0.688,sad
5PTNEMUIsMwsq5IypNrHYM,0.74,0.692,0.855,happy
7iYCsnLlVwiWorT2iI727g,0.592,0.85,0.726,happy
5PdSt3wLGZuVNal1ms9uxI,0.445,0.224,0.29,sad
1BKT2I9x4RGKaKqW4up34s,0.88,0.577,0.74,angry
6yV2W1h4PZla1PE5s1zjVM,0.67,0.801,0.859,happy
4MN0ZmFppiiQsPE9HQKKsH,0.431,0.835,0.303,angry
7GNXRQ7AL3DHAfjgh7BkL8,0.506,0.212,0.229,relaxed
4k3K6Ke6KfAWb7zyQWrTEA,0.694,0.531,0.949,relaxed
3GcvxghJMdrNH92Rp2oMtV,0.455,0.464,0.198,relaxed
3QV7NYkrmV0Q0IHdFJw9hO,0.689,0.886,0.906,happy
2Bzx47OJqE54EmN6ppiMMZ,0.319,0.859,0.233,angry
3erQAddOalef7tmVpAZ3BV,0.445,0.917,0.439,angry
6eT2fNwiVD04D3R4uP5qOv,0.803,0.531,0.965,relaxed
2GSOOR5UXdDj9247nxyedO,0.43,0.743,0.51,sad
5iSRnQ0RBxBn19MoeNqhCi,0.621,0.712,0.868,happy
18Mh3v6rBCCpcNYzyaA2RN,0.81,0.55,0.626,relaxed
6vsyag9kEPckt19NClSf51,0.359,0.933,0.097,angry
7Guwk9x2j11UYR4mOaJvfx,0.3,0.364,0.391,relaxed
605ZHoLZx7PtQ8fXgvN10K,0.701,0.784,0.712,relaxed
4xP5cjA72WSiXNXql3glWS,0.794,0.554,0.682,happy
4a9i7rCLfPjbS1sNamZeQN,0.543,0.808,0.472,angry
7HDwtcqiUstuuq1dEszGk6,0.561,0.846,0.566,happy
1yDMqzf9oZzjn2UJtaQAuP,0.327,0.743,0.0388,angry
5ftamIDoDRpEvlZinDuNNW,0.873,0.465,0.729,relaxed
0aULRU35N9kTj6O1xMULRR,0.849,0.499,0.504,happy
3SbYzzYOeuAadi1ShTXFXU,0.218,0.268,0.113,relaxed
1MMojvYXRUFhk6nSSWxnjT,0.406,0.904,0.642,relaxed
1ffbbYhbGlXBZ7l2Iyzvcg,0.458,0.606,0.661,happy
6PtMY654POS9nizEBvrdPD,0.618,0.125,0.507,relaxed
5Ui5PfcyH8TpeC1tHCXJ2I,0.311,0.864,0.336,angry
7lMGc58V3S7lD2SLNRdOKx,0.178,0.967,0.47,angry
2Uilp8alSjAxV0IXorUk9l,0.189,0.975,0.215,angry
660u9agQuREtEDmETVWSts,0.6,0.632,0.483,sad
0yNHIRmlzXJvC1dRK8hu0l,0.458,0.817,0.26,angry
0W1M8vt5AoAidBEah3NE0H,0.22,0.828,0.245,angry
1kWMqj68Dm5VHE3PXY7qJv,0.231,0.712,0.297,sad
2rd9ETlulTbz6BYZcdvIE1,0.332,0.623,0.416,angry
2AQZ89Q1ZZWsJNWwXZpLtY,0.578,0.624,0.533,relaxed
6YnnBx8Iq1XvlBrgonGLfP,0.702,0.714,0.856,happy
3nqm3DdVskqbHhmb8S8hMd,0.47,0.915,0.69,happy
1WoBpp4xnjlHRiIYhxvXBo,0.261,0.758,0.105,sad
4ZOyH6KjomjlqCz3oFqglr,0.844,0.754,0.961,happy
13J9Rdr35e9ktyaRm6VtLj,0.355,0.936,0.582,happy
0NwncLo335WFqNKl9xhXrB,0.355,0.907,0.219,sad
4SLlP0X8rDBrVt3f5mz4fr,0.568,0.906,0.368,sad
4ghtc1qkwPW5CIjYrac1MJ,0.111,0.856,0.142,sad
6gQUbFwwdYXlKdmqRoWKJe,0.537,0.978,0.931,happy
3xiYn2FVh7XOlhb8pBrELg,0.46,0.772,0.188,sad
7kYsV81UkV4z7UuF94u8T6,0.479,0.00411,0.111,sad
0dt3XQL7LjTNyizTXY00yD,0.296,0.918,0.137,angry
0rhUvAqeXfG4gl4IZhglgX,0.739,0.418,0.278,relaxed
5IVuqXILoxVWvWEPm82Jxr,0.646,0.77,0.681,happy
28clONjZmul6FjfO6tZQDE,0.494,0.933,0.507,angry
6tSgx0vnHZAZkgy9xGnJj1,0.502,0.714,0.523,relaxed
4dldnOikYFCNhYzAQIR3vz,0.795,0.564,0.728,relaxed
0ge1WFjPBWnfPz0JnlC212,0.292,0.881,0.427,angry
3LslBdXSdbpjlQsXAG4Gbg,0.161,0.161,0.116,relaxed
6yT7kcpsXNW7QS9xunPaox,0.763,0.364,0.715,happy
4ReyTz0y3TGkX48wO3Llot,0.358,0.893,0.262,angry
5CVqXxxrEjllLldXeIyNDS,0.677,0.728,0.779,happy
3DQVVSgYuqVIrYpjXnjhsn,0.694,0.721,0.818,angry
2dId9x9fxcaeAOswSIBC39,0.326,0.668,0.419,sad
48NXpYRuvv9izul4oXhqS9,0.889,0.705,0.965,happy
5JLy9IPZhFwmPBlPjcqDL0,0.455,0.274,0.613,relaxed
3qmia7zOrWK9CkK8wWUkbz,0.521,0.92,0.572,happy
1OhqL9yY8DfQxx5mTpa2LK,0.224,0.981,0.213,angry
2WaPENhrq1MEy1qk6iKnCh,0.318,0.728,0.306,angry
27CwCwu3EocFMESQRc78iC,0.367,0.741,0.689,relaxed
4mh9r7aeFt74NXIjDOtnPt,0.5,0.333,0.163,relaxed
2yPi8Ayxxe8K3UpnQWk3ZX,0.189,0.972,0.138,angry
26uVP8g7Uijo0zuN22De3x,0.387,0.572,0.399,angry
5LcJCJRl9NveVAvVnwvwQv,0.539,0.416,0.252,relaxed
6lGCtYqiPKyolpvXjSIyqM,0.32,0.287,0.0757,relaxed
0PhCZ8OiGK8MJQPheZCCkE,0.649,0.274,0.598,happy
2uMqG8w8oi09fB2YA2QLOm,0.309,0.325,0.464,relaxed
07C7VmWaDTgEpWXoRESZu8,0.459,0.85,0.52,happy
7KWoeBqSdZHEloYKVxssfG,0.404,0.266,0.491,sad
1Hd9I5eGPhOzc4M6C0pgME,0.452,0.201,0.402,sad
5ASM6Qjiav2xPe7gRkQMsQ,0.528,0.772,0.852,happy
2dCmGcEOQrMQhMMS8Vj7Ca,0.832,0.797,0.961,happy
1gFMesXcHHtIUhwzxYFOtz,0.735,0.86,0.835,happy
0Diywwc3q1HlBiVxCC61jK,0.755,0.613,0.398,relaxed
2gnYFQWMzj8bNX4dDJyWzW,0.428,0.76,0.427,angry
5k0RmmWmBJ0NS1RiYViRhL,0.616,0.464,0.645,sad
76MWVBZtNelwLCgHFIUmeZ,0.525,0.517,0.206,sad
4mmkhcEm1Ljy1U9nwtsxUo,0.571,0.739,0.66,happy
3WEDBjYdFN9anBLB87w9b8,0.346,0.854,0.414,relaxed
1606YioG1iVJRgY5zBiO76,0.405,0.929,0.363,angry
4b8Of9pmPK53OVWzvJZhbB,0.718,0.484,0.217,sad
70dCC0rTy7tPe3ngnzOiXB,0.416,0.633,0.735,happy
1GRrzMxlK18DQ9BGKtYGaF,0.585,0.897,0.909,sad
2vhLg9UmWgq6nOTEWcxFdF,0.504,0.921,0.684,happy
6vjvewW34Y3UiGQtJokGlY,0.286,0.982,0.118,angry
25mndadBFdCxQqR2avswPU,0.353,0.208,0.0631,relaxed
0BRBDRdjgP4Iw8coBDAeeT,0.637,0.769,0.77,angry
6oqmd7agyZJHQIAvWBQWFb,0.186,0.805,0.207,sad
3D6t68V5WfxEIMbwcARLia,0.4,0.776,0.61,sad
7dIkQYmRsKXAbzshwF7pjI,0.75,0.812,0.835,angry
4gLro52WoEK40Y7CZn6mIK,0.846,0.357,0.608,relaxed
16E3NpOus2rI6n13pBqTtH,0.639,0.392,0.258,sad
5Ekl5FAyUZNf2SaJjHG7qY,0.263,0.949,0.197,angry
15EFDhVPZN6UCBv2FEuwie,0.631,0.776,0.516,relaxed
616zusHts9mIswHJcCDVPv,0.712,0.654,0.55,relaxed
3RcrFgETR1QGjzV6ZzIRBy,0.629,0.949,0.719,happy
17CEV2efL5t6TWx7pis3iL,0.443,0.387,0.182,angry
7qfdXy1NqvyXDt9epJrhip,0.337,0.399,0.228,sad
2pL9xr4Mznff997e4jcoos,0.481,0.843,0.423,happy
2Hw2JEL4tjdcX8aERfIdBF,0.45,0.674,0.72,happy
6lfdNOGyPwrLEG8NLb9zrf,0.261,0.908,0.716,happy
1skZbRX6ZDmXwkKAPpb9UU,0.356,0.774,0.0608,sad
2YgW2VVOwQItMkKW07fMt8,0.319,0.506,0.121,relaxed
2EM9zpAc7PVeoAydmbfVIL,0.751,0.731,0.973,happy
3ZXL2lrkp5fhngxjnqQwYk,0.464,0.624,0.301,sad
3bhZuw0gZRLEOGeggjWzpP,0.492,0.438,0.204,relaxed
1GJgoTGiGtQ06yYFHskUh6,0.393,0.413,0.303,relaxed
5qR5b6Coq6srVHsa7vi7a0,0.313,0.733,0.49,sad
3IEzreL1rgY1oIYQJJSJcy,0.478,0.266,0.193,relaxed
70ZOFZ8cbS7bc7TFCwoVi2,0.643,0.263,0.339,happy
3dOfHE5J4Qsj1hJ35vnfn4,0.39,0.443,0.344,relaxed
3mFg1Hn5faLMFK4HNDjhnc,0.695,0.736,0.147,angry
3hoNWNGpZrwlSKSemkvgBu,0.606,0.967,0.762,angry
0Khglq7RzCkdC1X30NWqMm,0.587,0.87,0.889,happy
317OFkOkfWixmWU1goDjwo,0.657,0.357,0.448,relaxed
22xP891llVIF0ThYVzqyoW,0.367,0.287,0.306,sad
0at89DgpVeImkVrQ0htbVm,0.218,0.994,0.112,angry
2lpSv2umWc4h3EYB4t9QKG,0.496,0.99,0.098,angry
3UzO2XqkuoVtoD2diEbBZu,0.257,0.993,0.184,angry
35fPdv1EKm9pV8pXPUB8o1,0.442,0.901,0.737,happy
01drW5lmrI1SWrSkDzivsj,0.708,0.635,0.387,happy
63oVkEVfk5KcFGdXVoA9NA,0.378,0.271,0.197,sad
6O2mR6QeF3F8BZDsXEqc4G,0.565,0.709,0.203,relaxed
03Yv8adIIOsRACDHLUYS9l,0.555,0.946,0.568,angry
1okTOYnkaFdBecy40SZTjc,0.25,0.309,0.0778,sad
3LwfE3USKwANPjPz34iGDZ,0.27,0.91,0.397,angry
656TZu3G6rnfK9m2Y0zR6g,0.391,0.797,0.369,sad
5lCRPA4XEg4VPbNu0lDHBA,0.717,0.373,0.538,relaxed
0HSO9R3uK9nXAjESTksaLV,0.317,0.657,0.0355,angry
0XmV8PXiv6s86aH31tI998,0.272,0.397,0.0447,angry
6qxJcZgS7z2aBSwC4PNxVA,0.55,0.428,0.676,sad
1zW2csx1vVJrKfvDrFQNVt,0.594,0.889,0.8,happy
4DppGM42Nkckgnv4uJVLze,0.515,0.64,0.314,angry
5Md11uzTcHNXMWOJAz60Zd,0.302,0.957,0.159,angry
0Kd96idEL2xXYoSbuvCLfa,0.53,0.981,0.427,angry
2PeyQvyaViallofbtwS4PL,0.663,0.425,0.377,sad
1fP1WSFBzETeHyQux5ZrQ8,0.51,0.976,0.928,angry
4AuklilJZW4D3IrWpirfeY,0.383,0.246,0.113,relaxed
0TvWULuyrFnu5PmBfDaesd,0.627,0.504,0.135,sad
7m1TJgrWNy72WgKmK51QgJ,0.698,0.638,0.816,happy
0bGUHUjU8IZxH2NugIjTX9,0.843,0.492,0.943,relaxed
5at039gZfHTvOK3gSLni5m,0.848,0.692,0.584,happy
0cSlKH8BR5r8Q9k8NoKkdD,0.575,0.795,0.625,sad
3ygA3p2qb96FuzDLRXFwIN,0.82,0.86,0.862,happy
4JIfgJkxaWu9I2gdNR3wi5,0.283,0.868,0.077,sad
0LoLvmvdF23Zj29Jg4ZNkX,0.521,0.958,0.573,happy
7ex9neMYKdYwomwUfYrLJ6,0.462,0.399,0.0531,sad
2yL4HyjxwC8RrVeH4Xzq7Y,0.268,0.408,0.323,sad
3XFuPqz7LH9iiMLl4Q8YnN,0.219,0.302,0.295,sad
0goEaYw1cI7ubi2YO2WMFJ,0.804,0.917,0.624,relaxed
2Yf0HjCklkx54C4wQzhvzH,0.696,0.628,0.701,sad
4SoRvuR09go03chQROV80q,0.18,0.789,0.635,sad
3eHe9HIqC8Z5LN84X9eULV,0.705,0.927,0.865,happy
0FbvaiqG0UHSVzAl1p4Nmg,0.339,0.995,0.254,angry
1gcESexgftSuLuML57Y69q,0.787,0.472,0.824,happy
4RY96Asd9IefaL3X4LOLZ8,0.865,0.73,0.808,happy
6TPuL0IRzvOypCzd3cPuUc,0.571,0.86,0.654,relaxed
2gscB6kDOmrv1P6qs2KXE3,0.382,0.996,0.327,angry
2wiRaJG78MwRqBWnDSoO4H,0.318,0.919,0.186,angry
6TsWlrVgAmotYS9Ahnbr2j,0.477,0.971,0.256,angry
6vUCadcEprhgMPKAqBYNwi,0.582,0.88,0.521,happy
5lOV1OnHMswQkdYsiWlQTo,0.513,0.907,0.383,angry
3R4KSdXIVmVwt08TMSZNPo,0.464,0.44,0.395,sad
5clUjbxHSe1IEJX7LEH3rv,0.42,0.885,0.68,happy
32le5VSoeqPmuVYZGE6b6a,0.437,0.704,0.522,relaxed
0PhxP19seKYf1fAUC1H3bS,0.73,0.427,0.724,happy
25suYHVUwWFTG6G31kuhZH,0.475,0.576,0.524,angry
1rSo624QuuCteNxAzsU3SV,0.532,0.943,0.371,angry
0wdZXaPbZtvGQ9NyQkY7Nc,0.675,0.399,0.227,relaxed
0hJPZ0v8QxRwGIKiMGKE1G,0.489,0.62,0.592,relaxed
5g27jHKzEGQiVqJPrPqQXS,0.498,0.549,0.472,sad
2dYdai0GywuwYq6blSwDBV,0.755,0.703,0.949,happy
1LMxJZqqlUWjsKFw9dtv5d,0.393,0.688,0.0758,sad
7H7z8KO3qSI1yPoSoq65a6,0.255,0.419,0.0987,sad
2ifkL7JBinl6PnLzIrTKIy,0.523,0.498,0.157,sad
2UKkLqST2xWpK8n1b0Xr5Z,0.476,0.584,0.417,relaxed
0lIRCdbjxkgWRXrWk5o0mG,0.664,0.493,0.395,sad
59CLe8stbcx4XYBWdsfbwK,0.449,0.92,0.85,happy
0S5XVnYJhyhr49gnfI25Pe,0.736,0.498,0.606,relaxed
0TIfMyq3MtmQhNJVXJKcJP,0.482,0.999,0.0615,angry
1TEZWG1FdjzDdercCguTwj,0.548,0.926,0.294,angry
4LTtLIIrq1krMtYsb4x1dz,0.469,0.797,0.376,relaxed
1OSgxqD00RizIDSXTsUHpM,0.736,0.535,0.396,relaxed
1N43NZc88HYxJNcO3MFfOh,0.239,0.162,0.0378,relaxed
2vG1yrWSMiL6egg6w4e9ma,0.765,0.831,0.809,happy
4Y31epheGTOoPf29EAGwly,0.724,0.411,0.683,relaxed
5bq9n41pwbgvD6Mr56Rmsb,0.468,0.332,0.141,relaxed
1VS6BYKweyrXaouFwSdgco,0.555,0.259,0.0666,relaxed
7BMuKPHloDCW2MQUGPRzX6,0.486,0.931,0.754,happy
34rOW0yx7mEBKfvI8b2wSK,0.773,0.673,0.925,happy
0vwCaq6juiCDaXmG1DaWoI,0.297,0.461,0.181,relaxed
1XHFob24QklIXtLRopKirJ,0.905,0.945,0.944,happy
5GHwCpwEos0FzYe55slXEp,0.74,0.816,0.963,happy
50bLhW9P0G69TiQP62qCEU,0.431,0.494,0.345,sad
5mCo4K10tQf80jq6qHUqSQ,0.488,0.68,0.761,relaxed
2855a8NCBwEAAdnJftGizK,0.52,0.85,0.602,angry
21aDHnHXtZqnxqLaD0chkG,0.104,0.133,0.0298,relaxed
2TdeOeERVuFCgeYBqnbUvS,0.536,0.33,0.429,relaxed
6rRIRMEhVclbTleCJQsrPm,0.562,0.896,0.362,angry
4Oxqxj2CnBvsNSwv0oFHP1,0.739,0.676,0.491,sad
6cvh4pnFG4V6md9pEglFhE,0.563,0.892,0.742,angry
714hERk9U1W8FMYkoC83CO,0.791,0.734,0.962,happy
28XN8ncs0OBodA23W4ysZg,0.192,0.912,0.192,angry
6C7ZgThn6Yan5MTZdAEEFw,0.791,0.759,0.619,angry
5txrJzhPIrRqfvtnvZGcbX,0.806,0.588,0.9,happy
6fZaPdmxn2NfrO5LnZjwE1,0.746,0.87,0.862,angry
6wjvMDjlWON7rSRi54OQg3,0.667,0.331,0.241,sad
3roVlQAELe3DGGTfCwcdvL,0.538,0.758,0.586,happy
5ZxkUE7gE1ILJ7k7lahM2a,0.347,0.174,0.249,relaxed
3vEmpJQC2p8h0U3OiBufQm,0.462,0.677,0.468,angry
5Genp2tGRn0vwM9F5pHMKu,0.375,0.957,0.242,angry
38E7U60ipLSTVDcPIuVzZw,0.63,0.546,0.946,relaxed
3UQAKY0SUEonxneROvv4jy,0.724,0.841,0.476,angry
32Uk6r7BFqNfpUVOFuQZFk,0.199,0.926,0.283,angry
2UVLuddklEVak5PXgC7baA,0.694,0.881,0.924,happy
005lwxGU1tms6HGELIcUv9,0.699,0.76,0.696,happy
5jv3QxL0MFswzM1UJ2qQJM,0.584,0.682,0.722,happy
0xd0fSicoF2FkERilhKFMh,0.207,0.996,0.139,angry
54hjFPLAWMurvAqlh0fifV,0.359,0.996,0.276,angry
5YUJMvTg4AWHKjqQidTsGK,0.266,0.831,0.778,angry
47kkvqvjIhLm2DVPsDSiv0,0.543,0.45,0.448,relaxed
5xTqhUcwPm8BSS8h7m3fYr,0.324,0.168,0.476,sad
21Ip9RJUnaeNZsiDcPXyaV,0.553,0.631,0.381,sad
4Q1w4Ryyi8KNxxaFlOQClK,0.424,0.951,0.627,angry
7x8dCjCr0x6x2lXKujYD34,0.433,0.959,0.365,angry
4QVahUFZxZkHZYzCvwilit,0.598,0.653,0.716,happy
1ynmMEK1fkyiZ6Z6F3ThEt,0.653,0.677,0.888,happy
1Hp6QUfxfwcyLoO7b2Ub2j,0.705,0.242,0.165,sad
5r5sZ86FGRzcu4DvgANioJ,0.377,0.73,0.134,angry
7vlEsbJ73GcQtz6sMzZmEP,0.285,0.978,0.382,angry
1Zd5KxenhiRD0OpIf9Dfmh,0.342,0.638,0.371,sad
0hekPOS16CEulczSGsm7Lz,0.282,0.449,0.512,sad
206dccqnCtUSlHpDE2t216,0.328,0.933,0.213,angry
3Yj9lNYD0su1mbTtA1ktat,0.463,0.627,0.0791,sad
37n9zBD7h4IKimhkOfoFwf,0.375,0.997,0.294,angry
4goJhfQRbNfYybpYf9xmbL,0.396,0.903,0.294,angry
2XGRcNVv7uJozHCRLl7SG8,0.53,0.642,0.809,happy
6TBhIzjK8HiSct7nDBvS1q,0.671,0.299,0.511,relaxed
5UjqXQ77VtXZtvC9M0B0Wy,0.653,0.285,0.0784,relaxed
2wdjY5H8f2LZK8MzV4VC5O,0.532,0.463,0.358,happy
69BSguYY4m6b1yibQdUBst,0.426,0.23,0.242,relaxed
1fYlwOcveGY10W1bNNfpGk,0.688,0.401,0.638,relaxed
2ah5DafCq7uY2oEaFiEo53,0.362,0.765,0.198,sad
0Xg83aamMzaem9sXo3wbeB,0.407,0.979,0.0393,sad
2kijrPqAeHdmLoaSAW2pJY,0.192,0.867,0.0919,sad
0obzF8a4DaF3XrlOB16xlx,0.362,0.931,0.339,angry
7E59jQtLYgaJwCwxnMECvk,0.266,0.759,0.528,happy
6pyOfYl14MFI3rDhr5v1hd,0.648,0.561,0.442,relaxed
4jfWUWOkvZ3rcjtCOV0ER9,0.429,0.993,0.0387,angry
0fkEg76d1WPVmCJpCLyfv8,0.58,0.461,0.374,sad
3Bx2b6DkK0lOLuwnLVaULP,0.385,0.442,0.382,sad
2Ei5auE9kCmwKB2JZtKPKO,0.643,0.363,0.258,relaxed
1n5FryrkkpjnDCsdmg9QG3,0.74,0.621,0.782,happy
3Tzvb09v01Vnmcz3eMuRyn,0.254,0.523,0.211,sad
2yT7HjDXV9ni3MN5s1Z3G2,0.442,0.0874,0.156,sad
0qQLbYR9WBEuKARbN0Lttw,0.455,0.343,0.0893,sad
4IHbylDFU8KEPlIJms5TlD,0.41,0.452,0.0839,sad
07CUEJZd1N8NFKcIeHiFbR,0.816,0.968,0.831,angry
4KXYCQVoIFm4fI4RmNA6aN,0.866,0.457,0.637,relaxed
0KPDxUvVt6TjBsq5ccU7yn,0.711,0.785,0.729,happy
3YNKbymzBpPlqGTQnwtYWn,0.411,0.106,0.169,sad
4dGJf1SER1T6ooX46vwzRB,0.566,0.713,0.807,happy
3Q4apI1afNqKP5Ibw6VyKo,0.719,0.637,0.901,happy
4Hruh5C0Ef3y8mIcns5Y1O,0.404,0.599,0.195,sad
3hjlbE0SGa14RtACTBJoLz,0.289,0.62,0.313,sad
4mtRuEDlwvtnsge8Owi22c,0.437,0.488,0.383,relaxed
65xpIwIluxmO6PBW7c7aqw,0.272,0.993,0.206,angry
4iLG33TT4HaVILLC0q4rEn,0.506,0.899,0.475,sad
1w5iUg5lhu6pHS1IMeD6XE,0.212,0.442,0.0394,relaxed
0ce0IMri055V8kqyS5FD0U,0.823,0.646,0.66,angry
0gr97EET1vP85jcFESMYRK,0.214,0.973,0.34,angry
0CMVsbg78bj3L93fNgu2pA,0.558,0.616,0.308,happy
65E3ajL0Yz7kljk89Qdm6Q,0.371,0.962,0.457,sad
5UBwj5nkXWNuhpIbVirNsX,0.408,0.727,0.766,angry
1IehEIgrU7Xw0rZxNzKGD2,0.452,0.362,0.165,relaxed
7JGmpugbdiVWskY1S3EmTY,0.914,0.78,0.968,happy
7mfvOqsvzZaUl7sfbcNk4E,0.604,0.548,0.145,relaxed
2EWRUGLGX59cwdpIZjmkQO,0.64,0.619,0.563,relaxed
1E41ejYAED4jQK2SndkS0V,0.736,0.991,0.963,happy
16Elz7HJPLZPMylp13ewxv,0.227,0.853,0.419,angry
0xyx6J1l9808WlAJiTInqq,0.311,0.367,0.751,happy
7vGo6GXSO3A7YO7zZSHt0F,0.653,0.914,0.961,happy
4nV4DeULLAGkd8uIo2z0FR,0.548,0.148,0.18,sad
7uvvBcIxL06JZF8v1o1zzj,0.448,0.989,0.587,angry
3KKHc3d1GNoFBbIPZWTc0U,0.963,0.621,0.968,happy
51hyMBGyW5xQpwy1WQ24Db,0.191,0.998,0.0562,angry
6DqNZJ4hhBYd8qj9WbpSTJ,0.676,0.463,0.91,happy
6QyQRQ39cdIvMMXa7bKo5X,0.651,0.0882,0.215,sad
2xtunlrmS84VlrqtuvKOLL,0.58,0.942,0.798,happy
149O9QLSNPs5DVgN6qnMEb,0.447,0.972,0.664,angry
60BmLiP4Q7iqhzNq3OfehR,0.0839,0.886,0.392,angry
487uZHjPqwQWAMKdabHJnZ,0.766,0.726,0.73,happy
6azwgyc7oNJvcsYyzqkiA5,0.501,0.131,0.0391,sad
5s34iqevgf2cWjngBTaUUh,0.442,0.372,0.198,relaxed
75l90Py7SZymvoQINih5ag,0.582,0.922,0.875,angry
2SknHmwY6GiOv6aK7YRahd,0.254,0.853,0.711,happy
4wcgHK1rK8B0vKUQsMRSbH,0.436,0.59,0.859,relaxed
3XcT4NCMoPXyY5U2GCq7Ph,0.36,0.346,0.193,sad
0r8iDf65NHgFgZOGLwj5r8,0.551,0.825,0.933,happy
5z79Fpw4FEEkSzt8Lbwr46,0.415,0.979,0.494,angry
4wSWZjWH7a5eVxskGxO13w,0.387,0.922,0.417,happy
19wEvsrtK0USRbfXcG7ToK,0.448,0.954,0.397,happy
6sNT5PF1SjTYgMiAIQGYMd,0.594,0.512,0.52,sad
3j1fs2X0ibiihnM4Fd4A2D,0.646,0.808,0.963,happy
36ptC75Bp6pKICI1lE8QHS,0.573,0.438,0.551,relaxed
5CNs4YXFuXSgAHeRQb4B5T,0.727,0.969,0.737,angry
65xpIwIluxmO6PBW7c7aqw,0.272,0.993,0.206,angry
6tJwxMPnKJijb7lrClG9RV,0.326,0.189,0.0353,sad
36N0wCA0Jn5KrlinaChvig,0.216,0.951,0.208,angry
41kOdUYJOPwl8nAZr7dsts,0.709,0.854,0.826,happy
6lvZdIVtCKpLwA7DTINPXQ,0.304,0.000246,0.967,angry
5y6WoLQ8rd1u3cDvndFGlX,0.227,0.937,0.362,angry
3Q6aslDsDC0897i2hy6w76,0.453,0.17,0.221,sad
2h7JrR9FmFzkZsOV7t2wkk,0.688,0.465,0.534,happy
1mXRkKVh9dLk20dG8dj7h5,0.287,0.642,0.281,relaxed
36BGk42n6upPWiMCWpBQKL,0.272,0.0677,0.394,relaxed
3EixrP74QvVXmX5sOP3ul6,0.552,0.945,0.555,happy
66Inukvq1EdCKCrsD923DC,0.26,0.988,0.262,angry
72hcFp4tYkd3dbNA9dZ3Pv,0.555,0.973,0.805,happy
0s6pGOvS0AaqNemE1foyDm,0.479,0.576,0.578,relaxed
5gXq42AID9epxKRnbofikC,0.55,0.481,0.445,happy
2vVeFbGTQmp9w25896BDAl,0.551,0.875,0.691,happy
5XMJBKj01EU7asjQCAlYhu,0.734,0.203,0.519,relaxed
4pQW3GkQgdZ4elWLtvJ4IM,0.352,0.405,0.157,sad
33jXZCskHTfXtmBd2EImNy,0.401,0.176,0.26,sad
3OOFEF20WqtsUPcRbPY3L7,0.778,0.899,0.881,happy
1g8lVIsEkDaGD1nKw6fwUb,0.38,0.994,0.267,angry
4OhucYHL6HRRMw6KxaQjM4,0.524,0.899,0.508,happy
3NUgO0esCa598YWabEdNYg,0.48,0.937,0.4,happy
5Z01UMMf7V1o0MzF86s6WJ,0.698,0.732,0.0689,angry
0BL8lMIb6TrDsfJSReVGOi,0.329,0.318,0.147,sad
2ItPID4dgSL1t1ZbZCrg5S,0.547,0.764,0.722,happy
57OqCwzNsCVYwSbfKbDzyY,0.427,0.807,0.961,happy
5BY0p2EH4EznNZ0MFD9mjt,0.684,0.85,0.922,happy
0lKWoCC96oxf1w8okrhKus,0.491,0.368,0.34,happy
0U316O0uMo9EgxdZkCTdhX,0.376,0.286,0.319,relaxed
3mq52GHIpouaYHdNIX84Sf,0.182,0.108,0.0512,relaxed
3X4qUkEhAvGY3qIlpNh1sl,0.678,0.313,0.838,angry
5J221XVh7Kxg2bC4IWQ19n,0.708,0.428,0.501,relaxed
4WFYHBYhFA6tmCRYKng2MB,0.476,0.994,0.126,angry
3bSnE01X7tezLVR8ppZjvB,0.191,0.958,0.277,angry
0EtzpDX05udzfLcGntGbGU,0.262,0.867,0.171,angry
00AxXSPBavEKf4hwgX6ZMo,0.58,0.998,0.0968,angry
4xNvOGQszKdnH1gGhytLzZ,0.204,0.731,0.0698,sad
7nFfCC5sBhwRVjdaciVGME,0.53,0.948,0.051,angry
6J7cSyvSCnPwv3vqHchEfL,0.584,0.536,0.44,sad
0XPuBeH9uAMmwNi0gxIe6r,0.844,0.659,0.814,relaxed
7zrcNlGoGQeiY51cJfHR0u,0.517,0.782,0.286,happy
6U6xqSHPuiOJKLkVw79b7Z,0.656,0.917,0.908,happy
