"['6QnFHieoch6U9J8zfv6hml', 'happy']"
"['03VzAAMs5PrLM42XR7ijuc', 'angry']"
"['7xy0PAZxzGDOcYzyptvprd', 'happy']"
"['1BbocHcTYAu0wCS4NqgRsI', 'angry']"
"['0a4agFmqHXxcZl1nho1BxM', 'happy']"
"['3n5iUh2Z6P7cnWins22W0F', 'relaxed']"
"['2N9Cou3s4pxwsKZ9XLt70x', 'angry']"
"['5boibrn5Grky2xEm5aK13k', 'sad']"
"['21Izx09FQfTP4K27V1E2iZ', 'angry']"
"['1bX9AWvo7Q6Su4CfwmBf1a', 'sad']"
"['5esJb63Nbi1LeG0v4NyKTt', 'sad']"
"['5sN9NYU43a9yFYWhnL2frj', 'sad']"
"['6wNF6hphTxhUiAmQG3uzbf', 'angry']"
"['6eT08jQH8w5BNfAec85k31', 'relaxed']"
"['1rLDTmI8quVUsGy9mzrXBx', 'angry']"
"['0x1wH5KDboIEu5rr73fst5', 'sad']"
"['1RLWonWtQ3Iwbbzqbp74Uf', 'relaxed']"
"['4UMTp91LHhvW33ol9ZQH0Q', 'happy']"
"['2ILOKStuQTILjVsb1icklE', 'happy']"
"['4Bfxp472zIwiSYjZsK76EN', 'angry']"
"['7Cfotnb5cW0mQm3dMIP13C', 'sad']"
"['2NVaKeIAUZwN5tXnn12EMi', 'relaxed']"
"['1Sy2tZYvQf7q5yLvbx6gYk', 'relaxed']"
"['3T3ywM3H50hpyahoIDyUfu', 'relaxed']"
"['7LHZ7HA45ezKcdN8sBrBuS', 'sad']"
"['71geaRAZ2M5w08T3kl5Xvs', 'relaxed']"
"['05mzctclS0ZqqTLEiDIGkt', 'happy']"
"['0OBwxFLu6Yj61s2OagYbgY', 'happy']"
"['3GCL1PydwsLodcpv0Ll1ch', 'happy']"
"['3LgNfgXrsIr5ewmrlelU1T', 'sad']"
"['315XE5vrCBqLVVDAHREU8H', 'relaxed']"
"['1pB5Y2BPLez1J49KKKewUE', 'happy']"
"['4QH2mH5Jmwi9WfXGFwlHLQ', 'sad']"
"['65mxB9IWpmVo4qUjdGSxRB', 'happy']"
"['6pStbAcWY0MndSKyJQl4Lc', 'sad']"
"['54UFDHWI2q7WHfrGbSNWph', 'angry']"
"['6sxptembJVty4sNtcPMAVz', 'happy']"
"['1Mdyqd3IcF2tVkJZovxHvF', 'angry']"
"['6C4LXC9UFH1IKiHYOp0BiJ', 'angry']"
"['5gQ0LTbcX7gpQDg39gNLH8', 'angry']"
"['35ItUJlMtjOQW3SSiTCrrw', 'happy']"
"['1i6N76fftMZhijOzFQ5ZtL', 'angry']"
"['7DntAAoA5p9RyLsbF3AH4b', 'relaxed']"
"['0DiEexAgx4So48wvTglOCb', 'sad']"
"['5EYdTPdJD74r9EVZBztqGG', 'happy']"
"['7vrLphPq4yjaX7jiDdd2Nc', 'angry']"
"['2bTJpp7G91KZ5P2DlPFojE', 'angry']"
"['7wvv3OLPrX0pENjcDDLLbS', 'sad']"
"['0ZenWYpn5zoCCv9fZEZUte', 'happy']"
"['1ZR4QAYsiO9zPsGaMPW2OI', 'angry']"
"['1GCaJJ1JoTTlD6SvNTVlqo', 'relaxed']"
"['4BcrWCZPXuoGU0SnAsJW1s', 'sad']"
"['6xzzm22bl8aHP3cdPPLIrO', 'relaxed']"
"['40hrL4q3dxErnwzpIof6fc', 'sad']"
"['0iGu0ULXUSJRvXPCeEqHhO', 'sad']"
"['5jcNL4DreI4z4XnTfsx9SQ', 'happy']"
"['5KR4x5GCpSrwKxojlXOjYE', 'happy']"
"['1RbOObDFn7GOseR1w529Zj', 'happy']"
"['4UvwXOGb1J39WUutrlXwTF', 'relaxed']"
"['4zfOtyoKyu9y27KQphnIXp', 'relaxed']"
"['5JFQ3UrgZPGHrGXtonPgLa', 'sad']"
"['2gLDC8qAQEcuyKfiqyQbme', 'relaxed']"
"['40GFPBolcy0yucApV9uxq2', 'sad']"
"['66Yxbr2UODJjVBKdZtbnOL', 'happy']"
"['3NHXj1DBuoxA7HL0xfQAZC', 'happy']"
"['3q5YxzWc8Sx10l4nbUomIZ', 'relaxed']"
"['2bku1YWarHpKlxVC2FB9dH', 'angry']"
"['0oIox8T3bdGZnhQKnaDK2a', 'angry']"
"['52M96UxJzKkHFSHGNiu8Du', 'angry']"
"['0ypg59NyOVCpWVzd0SUsT5', 'sad']"
"['59tAS0swoeibMJQzySh6FH', 'happy']"
"['7ek3WWKA2pU5CMmKazoDYf', 'happy']"
"['6Zewjs7at1sPyc03lUoAHB', 'relaxed']"
"['0MuJLuEaZuXX8aMBFCrTE4', 'angry']"
"['2wVY3XAbaIK0Kw2fzpuTSN', 'angry']"
"['6HyVffzF6uXt9NHMgEkQpJ', 'angry']"
"['6dwhYg12fOFw8aUrnCOOqC', 'happy']"
"['6YPeTaHZIcocnoBNzZNRbM', 'relaxed']"
"['18lJrvDbhiENa2L2w3fDAl', 'relaxed']"
"['2hdy9Wt9qp7M7d0U3ossu2', 'happy']"
"['4rPLXgafE7QzpWGUPR2Nfy', 'happy']"
"['64MTLwN6HY8D3i3HRp53Ht', 'angry']"
"['0WkZQPNC0c7yrsMX1arVAd', 'happy']"
"['4Bfxp472zIwiSYjZsK76EN', 'angry']"
"['5HNGDpTuCJEc8PjOJRzZbV', 'happy']"
"['5qR5b6Coq6srVHsa7vi7a0', 'sad']"
"['11Q5n9PmpRQbbblwHygugt', 'sad']"
"['5ecZWU5uQOiCVSnPxBZNmT', 'happy']"
"['3wdDPUIjUsx82mzkfTf687', 'relaxed']"
"['15kDeSxTxHd4bahl7YupeX', 'sad']"
"['7FMCSGCHA6hvU3A4NCxEqE', 'angry']"
"['0Ph6L4l8dYUuXFmb71Ajnd', 'happy']"
"['2rLAx6mTzaTYd0DborfvV0', 'sad']"
"['7fdVUpopM88uhovZqqF6Nd', 'happy']"
"['3BArWex6xe71XPIx2ecYlp', 'sad']"
"['2NXdWgbqBSqX67WERIzgo0', 'happy']"
"['1gw8W2OJ1gswTB7haYnQAG', 'angry']"
"['7mrhHmGgMFApoHmOmciCo2', 'sad']"
"['1gyee1JuFFiP476LQpRMYU', 'angry']"
"['04GPHj5NdoZxlztLXsPxXA', 'sad']"
"['3vD3Hqapwx1tNLGorK7Qec', 'sad']"
"['0Tn8FBEcA2KoptTPK8Iz8o', 'happy']"
"['1l6kw9xGfYQbVgsmS0ZQN0', 'relaxed']"
"['0TXfAQ5ohVQPzt4Mrr5azG', 'sad']"
"['0zGLlXbHlrAyBN1x6sY0rb', 'relaxed']"
"['0ysifObpXKF0PIuPiFyQxL', 'sad']"
"['65vssm44ghOVf4tBZMY2AE', 'happy']"
"['5PQhijtKTKgiKiyj8xolWn', 'angry']"
"['2KjmnyVafBbq4VEnrJ5rra', 'angry']"
"['4AwKXevZmsTNa3KZVj3rzl', 'angry']"
"['08e6U2QpbkKEeguPxKPqvZ', 'angry']"
"['0Aveu2KsriohUafrrerz1F', 'angry']"
"['0lsTEAxLB5Q2L2PAoG6Ogt', 'relaxed']"
"['1Haw7L5ifbSer1iNhGamRf', 'sad']"
"['5d1V1d9QOBYZY9NY2C1b96', 'happy']"
"['6leusOAUcF7GjBp0SzHsml', 'happy']"
"['5E5rlGUOf6IlGQc3N0KeqY', 'sad']"
"['6vEL7E8TGzrxuxbrgdlkLL', 'happy']"
"['6QdwofpqDvvNxX88C9A0iQ', 'happy']"
"['6nz35DNIzbtj5ztpDEcW1j', 'relaxed']"
"['0gH7MNXQud3Pvnfv1zk3bL', 'angry']"
"['2eRmjYHL0FGtzUBW3S5l6x', 'angry']"
"['3P0ZKM0sJiwYl6LWAgU9YF', 'sad']"
"['2kkJENGuusOzj1vXN3s0xO', 'relaxed']"
"['0LwQ9eHU4Gt3ejDfEoM5Gg', 'relaxed']"
"['3F3R4uyTMkX9jRCEVVmdz6', 'angry']"
"['3Y1RpdfnVud1r7SMRiP7Su', 'angry']"
"['3y9e0weOHpPHJ9jx8kl2uZ', 'happy']"
"['1hn7bdJkKHJnHm8QUsrswj', 'sad']"
"['4FzDNGNtmp4d9ktAyzyC48', 'happy']"
"['74iQ3gahRTOGc19bYadBE3', 'happy']"
"['7LmG4gBYF7T53JVfgVVFKy', 'relaxed']"
"['1hW3ryc70LqbGs6USpIW4K', 'sad']"
"['0Azd88KPJmLqRx5n0H9CJM', 'sad']"
"['2BU4dK1fu1CFLjTBz7ju7Q', 'sad']"
"['03buZuYnP6IjQ7B9OaFOmj', 'sad']"
"['52K4Nl7eVNqUpUeJeWJlwT', 'happy']"
"['6xHCjpneuA34NpmWrV4LKf', 'relaxed']"
"['13AO6AQ9Ehe3MY4RiMKS0e', 'sad']"
"['7FtRUrOEDUHTvenvp1BqZo', 'sad']"
"['3L0Q1AuD1kEx1DMO52H9IQ', 'relaxed']"
"['09ORSynamyltVPUrxJzxkZ', 'angry']"
"['5FnyVsDPOblZ8gVvaXta9z', 'happy']"
"['3IXDcU9l3UUeN6BdTguMYV', 'happy']"
"['3EUl8M6SzxZl03NPkB8mUd', 'sad']"
"['5gZE3gjRCk7JFkmw8n1DLf', 'happy']"
"['3gOzKbPb3Atac29uUNY08H', 'sad']"
"['3VLCtStwYsAL4LKZgeUvy3', 'sad']"
"['08OHzBQPVC0QBpHuUteaW0', 'sad']"
"['6B8czH1kJLkcihMhFdr6Xp', 'sad']"
"['34D6mvDTAPypm92EPs8Rxa', 'relaxed']"
"['1KKvumpYrpAW2ugEeKW3LQ', 'relaxed']"
"['0wnJdLDUi9fkDl5nxhDlqO', 'happy']"
"['1fSzuWJMP4X5lqbyJPIzkX', 'relaxed']"
"['0DsMyxW59yojgt0au0wWic', 'angry']"
"['0qB5jLzJHDyhMTLcTtzSbG', 'angry']"
"['3uOxi3XD2dfSlUy3q1r73V', 'relaxed']"
"['0XFPXDISKbec6Ff4MdJHjX', 'relaxed']"
"['5jzma6gCzYtKB1DbEwFZKH', 'angry']"
"['2Phq7kFebjWp2Gi5ungSWF', 'sad']"
"['1jLBjt2naw4K787bJ16iCI', 'angry']"
"['7A5qOucdF0zyXo2x7vAoCO', 'happy']"
"['31A3oqQxDLdG9HRx45z62d', 'happy']"
"['5Q1WrsTDRJQXKlqLUo8YkG', 'relaxed']"
"['2zYzyRzz6pRmhPzyfMEC8s', 'angry']"
"['5OBriDrN0dLdVcPyuGS5m8', 'relaxed']"
"['5lJUXSjRjevVy7I3P87wuK', 'happy']"
"['3tF8QmI7HtceDBUdOuZHr6', 'sad']"
"['0LAfANg75hYiV1IAEP3vY6', 'happy']"
"['53aFGAl0Vebwp2bo8wtdWR', 'sad']"
"['7t5xZo0fUxFAU8B8LMo49R', 'relaxed']"
"['2dAIPA1IY8qI7VPj7OtjFK', 'relaxed']"
"['2dhjLRNYu5pZV8NdfbkaHv', 'sad']"
"['3usYwtFGmBxjLOtUGbGUEh', 'relaxed']"
"['3eC3vjM70I5jCxdbAvxDKq', 'happy']"
"['7iIu4Vf0vQsDvbYMJlfR5f', 'happy']"
"['3dYmruq1HiKJeOQ8h1OEfz', 'happy']"
"['1fplcK4BIi4k5hzp2DJ0kt', 'angry']"
"['4X8eI0IxdwyixaeOPOeeGh', 'relaxed']"
"['6q3URBXG6Tr9pMU0bOlvrc', 'angry']"
"['50kwzxM2SYI8Xattr8Syup', 'happy']"
"['1Mt6BsusgJJln2FMyGFLg1', 'angry']"
"['4MLYH01rrqDifXe06KAkfz', 'sad']"
"['5w4s2ccJcpiNlajHVGtHDg', 'happy']"
"['4UtqFgWCzESmaNfBd48TCn', 'angry']"
"['2N89t3IAX0QQQMNREk3dIY', 'angry']"
"['2iEiNnKtDbbRLDGMmtft19', 'angry']"
"['4gYrJ3JZsvaixzrpT4l6Qw', 'angry']"
"['0Ts8bcZmPXIcdZfpbLBge8', 'relaxed']"
"['6uGQKWdjmKvgH1QdDCcM8N', 'happy']"
"['6o8bpkuFMRS2b25Vui9aDC', 'sad']"
"['0CUEc6T65lrU6rVW3HVYsl', 'happy']"
"['4qVZBA7jWL23SEWOfKFjiw', 'angry']"
"['5dIcC2RTD2BOHTC1F0jrIN', 'relaxed']"
"['4sGwWTjI3z9qdLzGYUtapA', 'sad']"
"['0K2vTerD7tLuGeT0UdpVFe', 'happy']"
"['6TABWfWzUPUR5mZHjLUsv2', 'sad']"
"['1myKbSaPIJMLpKfXoQGDiF', 'sad']"
"['2JgYVZyTnrH7dKWXAiZzm1', 'sad']"
"['7hU0ZQFx21ACgr7VfN77eZ', 'happy']"
"['0R50DrkR0qUksumbLAMyMf', 'sad']"
"['7wz8LNfmGZ3C0PwKW9LdDg', 'angry']"
"['4yolUSLD5blUiQNV2HmsAD', 'relaxed']"
"['2ymeOsYijJz09LfKw3yM2x', 'happy']"
"['79nOKa4cC3oMkzJT2kL0Jk', 'happy']"
"['1NztqYNINrAChx8XESTNwn', 'angry']"
"['1nSqYL7YGQaDtu5o0V6LpS', 'angry']"
"['0Jcjqx0IPMmK7se9Qn0B54', 'sad']"
"['1GXPBNGMUFyG56Gf9pyMQo', 'happy']"
"['4TJzAQN4lSRLMafylE0c4a', 'angry']"
"['6Hqtp4jSJwUe5YK3WTgp3p', 'angry']"
"['6qWUWagkgHxEXAebZW2ij3', 'happy']"
"['2aZE7FePhgebZkbSlKpZYX', 'angry']"
"['1bw2woPnnaR3KU05MsVsWx', 'angry']"
"['760420tYNmNjFgi8bWvbop', 'relaxed']"
"['3Ob9DuVZAtQHH1JMXWfWWV', 'angry']"
"['6Uq5Vi8UmZGzGIicjkkz64', 'angry']"
"['5Io6erQEbeMrDwpLClYLuF', 'angry']"
"['0Jf9d1BEYPcxK8NwGj194O', 'angry']"
"['70Gyr3J0em5JccIffFkBDw', 'relaxed']"
"['0xAhbD6lCf5re1RXl5yiTm', 'happy']"
"['5VjvOFkOJ2ZuprRKeFYpvx', 'happy']"
"['4rpNjW4HXxh8o5UwS7UoWL', 'relaxed']"
"['7cCNNBmNB2CNUhWh7C3fnp', 'sad']"
"['4INBCWNhGrr7GkOs0QwMcU', 'sad']"
"['57axPQYc18NU5PhBEJru63', 'angry']"
"['1QlIB0pkLKR8vEDSW7r42t', 'relaxed']"
"['2V7AlCtwsvWaondWeo1hvm', 'relaxed']"
"['21lljWLLI0vIPrco0kQNoV', 'angry']"
"['2IvYUTsRCivlheereaqACw', 'happy']"
"['48LYcLfuBtTfKD6DLlyOyj', 'sad']"
"['5HUqK2g43gAWGaOP5e2ru9', 'happy']"
"['5VANqRRzSEkEuAi4oO9yag', 'angry']"
"['3HrNkxybHgl7QqAvUDgFJ8', 'happy']"
"['1sxOACEZ2xAMRB0TLaCwIl', 'angry']"
"['5sj71X3Em004zkOXXQpUcG', 'happy']"
"['5e2KiJXyu2o0sucvwNnDqz', 'relaxed']"
"['7jA5OcunWRSYXq98puhAX8', 'angry']"
"['2eNUZar9OSszYd1mOpnVLu', 'relaxed']"
"['2QQtU0PR4LtTyrCluPURgA', 'relaxed']"
"['4dBZKtBAEv1oMrZub2UUgM', 'sad']"
"['14xn4Vx0GPQix4ObeJysBi', 'angry']"
"['53RYTfkLiyZuUZHwJC3Wmm', 'sad']"
"['33AQv3sfvHmtGfYNIJpi96', 'happy']"
"['6060B2ritHcstUzSG249dP', 'sad']"
"['65PHNP3b6lwj74BCJolqJi', 'sad']"
"['0XDv7SLyMkGcAnb12fMHa1', 'angry']"
"['2KeNSHFAoULjXHjE5cMJE5', 'sad']"
"['0eebK2g5GVdkKyYWV33wD3', 'relaxed']"
"['5pRg4rxlWQS2J9cpmISPL0', 'happy']"
"['10kh9WpO4XlJWhJKfW4I7t', 'relaxed']"
"['7cz70nyRXlCJOE85whEkgU', 'happy']"
"['0ZuIstS2vy1OxfHfEnsXv3', 'sad']"
"['3WUE4r2QRLSPQsRAeVmfvW', 'sad']"
"['0obCXR93gkfParKyDWxllw', 'happy']"
"['2YbH38e5nTvDeJOEv1Fbd1', 'sad']"
"['1GBne69tjYyka9cTg4vPol', 'sad']"
"['0uOskbuGVd6E4IJqOpp5nd', 'relaxed']"
"['5wFdcY9O6cEn1PL6V3AEmu', 'relaxed']"
"['7wyVuNCEr1j8NfG1vwMXZp', 'angry']"
"['2oO0aXcXFS3yhCBB83q8yE', 'relaxed']"
"['6naxalmIoLFWR0siv8dnQQ', 'happy']"
"['6RcQOut9fWL6FSqeIr5M1r', 'happy']"
"['0tURbnatc9qCxlYpXuPK8I', 'relaxed']"
"['1ivJ1VGhFOYNHgD4HtytvB', 'relaxed']"
"['3ohLnESFgYACPMCkoTOzqE', 'happy']"
"['1YRySc8mZGrsS7OjtDn422', 'happy']"
"['0prBFY9tDgh3oEBRNXY05n', 'sad']"
"['5xK3nni31HJmesT1IPnw6Z', 'relaxed']"
"['0mj74TvfDiLtBBQvCzW3DL', 'happy']"
"['3sJgsnM4yJTBvoIPAwBprX', 'angry']"
"['0tYPj0NYa7vjlJaqlRSnJb', 'happy']"
"['5sO96hDjkKkjpVV85CEw3o', 'relaxed']"
"['28aRF5Qb0TBKFFa0KIsufd', 'happy']"
"['1GeECVH4Msg1zLm8DExkbH', 'happy']"
"['5ic6aBdaHSqTr9HsFNc2Ul', 'happy']"
"['2k6hpKTyubRVOmQR11ViY3', 'relaxed']"
"['59FzvTbXeHaF2POKmoMr3k', 'relaxed']"
"['4vJr55lngvhSM8WIh9CjQc', 'angry']"
"['2wRhOIH2XcBvpoCsjddwby', 'sad']"
"['62MvOm06LFr3kNcejEwArD', 'happy']"
"['6ttOR8tpvZFmQXuWLY46TP', 'sad']"
"['467TaQhUCDl3H27aE2zaio', 'angry']"
"['7snQQk1zcKl8gZ92AnueZW', 'happy']"
"['2vzRDicmCblPDq3vdY8Rjg', 'sad']"
"['2wkPiCrIJyslR9BCcEl7SS', 'happy']"
"['6Zh9b9bty83VzIekHnbSuT', 'relaxed']"
"['3hUTwUiS7H79Po2hnErd8H', 'angry']"
"['4snp3oSET37A4cdpjHD0bq', 'sad']"
"['4TOZ8TuZQRMEgJjNsgewg2', 'angry']"
"['5qaxeIJLARExwa34d9TuYp', 'happy']"
"['1o34NeG7e8g3pw1WDCqqFv', 'angry']"
"['74HYrIbnpc2xKCTenv5qKM', 'relaxed']"
"['7N1Vjtzr1lmmCW9iasQ8YO', 'angry']"
"['5Wt2UAS92w2ZyDqX2dOEBg', 'angry']"
"['0jTTjg6q4jsd2RhuHwTvLj', 'happy']"
"['4w3tQBXhn5345eUXDGBWZG', 'happy']"
"['0Vcpo9El50PNNbZXfKbNti', 'angry']"
"['46aZJc0z1HHHSFxaIRxYSP', 'angry']"
"['60YSrrQDF4AEJUM9NRSqmK', 'angry']"
"['7114JMdpaHhNEOlIY0Ljze', 'relaxed']"
"['7s9lVgi9Hxt1vbfndtJIYG', 'relaxed']"
"['5v3TSHYm8BzbON2u6QBEG7', 'sad']"
"['678Fh7cIfN1sLqxsj5sc2G', 'angry']"
"['2jZe7EcHmEtapkAh05ZEdS', 'happy']"
"['2c7AnyxXkbemyTEpzprQVx', 'relaxed']"
"['3yuvhTtHD1cMAgUEsTe1yL', 'happy']"
"['0X4i3xBk5mFjdSUE9Nc9e5', 'sad']"
"['3YBTxokhuaszeWCOXC7FQn', 'sad']"
"['6hIroseB9TaxU9a5lhO4sD', 'angry']"
"['4gUYV3ktbaOeAK5KrXMWV5', 'angry']"
"['1p50Ir1Hm6Sa1urjaLGi7L', 'angry']"
"['68rqXl8LTdwEd2u0QMkWvi', 'happy']"
"['6jV3XfTAP1S3SMChxJ2kJh', 'happy']"
"['1YTuMc934yzN1PKjSIaspV', 'happy']"
"['6LzZ1ipLLqDhi15FMjadwa', 'angry']"
"['3KmNFfvM2EyGdNPwDDJCp7', 'sad']"
"['16dTcp6dokMKhm1Guz9K2W', 'sad']"
"['6dL7YebdUbJKGIbFLmRWvM', 'angry']"
"['0W9f3lY38EJj0Yw6auA6Vv', 'relaxed']"
"['3h9zGJCR0ayAxxub015xb7', 'happy']"
"['0XiivUyimrmkUyJkKiILPW', 'angry']"
"['03CMUlyOZzrNXJnb8Vzm4l', 'relaxed']"
"['3Hl5UjXyGKjI75khqziYCn', 'relaxed']"
"['0Jn2PCcOJoZNzsOeYLzGk1', 'sad']"
"['0Tk3TlKSOdzr0zfPz6hhUp', 'sad']"
"['3v0uXfyMEZ1lGvBOv1Y4ar', 'happy']"
"['2RRFTLIglxHgAYQzsSLI4Y', 'sad']"
"['1UmBzOxo2yvxnf1LffwBAo', 'sad']"
"['5xABQiiRBuVWsL9zamoj1G', 'angry']"
"['4rA3vrrPjc5hFXzhfXjCEM', 'sad']"
"['57TaM8GozkJBz90xvQ1xME', 'relaxed']"
"['3jagGO7eHHuaD53ibehkux', 'angry']"
"['7EM7dE5PeAeZh4BIRq45Z4', 'sad']"
"['75IN3CtuZwTHTnZvYM4qnJ', 'happy']"
"['2LZFfEFpWhCqT9ieQTkqwr', 'relaxed']"
"['6H7nDglS6xWpRidbhMwI2L', 'happy']"
"['1TWRuQGGSmjhh50kY3uC0t', 'relaxed']"
"['76wJIkA63AgwA92hUhpE2V', 'angry']"
"['2OuNnwnNQyWrF47pthWxNb', 'angry']"
"['6qmWUrLqtHXy7C2UBDEDQh', 'relaxed']"
"['47MLKnVQpYNzHQps6EfULG', 'relaxed']"
"['5YZVXowzVCHUk5Cp0H48fk', 'angry']"
"['0LSLM0zuWRkEYemF7JcfEE', 'happy']"
"['0jVDUBHY2SziMS3MwhKBpJ', 'relaxed']"
"['4ZD6SiaJi75smnel0d7jl3', 'happy']"
"['4m9yCjMCg0JbACCo7rAJ7N', 'happy']"
"['6QJkYv3Cgr04n5vCBz2lrF', 'angry']"
"['6H6jikiotP4Ygv5oxPGPDW', 'angry']"
"['5g924DBWMk3Crw134IO0Sj', 'angry']"
"['19MMMKq4LzbTvhOMYccIRd', 'relaxed']"
"['6QmDfZSMrissIiFADcmGGf', 'relaxed']"
"['2uWMj52ImAeeGQFJmVlU5H', 'relaxed']"
"['5mokboUpvSxFY4vHmpCheF', 'relaxed']"
"['7HxSyRpQ4dP5OV9FVypDAh', 'happy']"
"['7n00odRuVpmiBWUZoU2dL6', 'sad']"
"['1mw5MkaBQwKfz4ecH9IW7D', 'sad']"
"['55d5KYk44Yr0PDTTnDirJC', 'sad']"
"['72Pnc2r7k6TA0SLzapYV2u', 'sad']"
"['73SsX4CUXflgE4AupsB6Fr', 'angry']"
"['0iA3xXSkSCiJywKyo1UKjQ', 'happy']"
"['3bYrxDub4IJVA0g0FAbiYd', 'angry']"
"['3Mzqw2mz9YMKjjCEmypYfZ', 'angry']"
"['5Vrczz39CvlD3OGCa6utoA', 'happy']"
"['0mZNKyrUmsrlDRoYHWsyMu', 'happy']"
"['1nZkrUFLq265za9lofFO3p', 'angry']"
"['6o5LJxDnSgLsXK4pcIOsQg', 'relaxed']"
"['1avUZH73ZAGkFeKwBPswZE', 'happy']"
"['1G87Q1OeBWtnPzBfnFcUX1', 'relaxed']"
"['31b3z9PBc2y6gSSbgXSVJb', 'relaxed']"
"['19g7rdVgVgC5q3x5XYj6Wk', 'sad']"
"['6KoY9LSh2CikzGMCH3jrVY', 'relaxed']"
"['5PRJcSkPaDhcgc2eDGzxtH', 'angry']"
"['033N3Mf87ODmORg6YO61cm', 'happy']"
"['2lCBcps3vL2smlpO13g0to', 'relaxed']"
"['3n70oQQMuS4jRxvDbqAsHu', 'happy']"
"['2HlKSufhcnPDZAS1S7jLg6', 'angry']"
"['5FvlQZTm4eOGeUiAB1bKc9', 'angry']"
"['3PIZLOw5ZUkANySOvfCQkv', 'sad']"
"['1AvrWYdBAIAN5Su7wEw6C6', 'sad']"
"['5X5wkmwPA1rQwtBdh2SNTv', 'angry']"
"['0Lswx5g3ReMvgXhXbsgp5t', 'sad']"
"['4mbljJEr6SyhcImsdSWmz0', 'angry']"
"['6HlFxHQ5nn6HYGxOOYIrLm', 'angry']"
"['4f8hBeMXMvssn6HtFAtblo', 'relaxed']"
"['6Wiyd7AsRdXvXGrxNkbqQ1', 'sad']"
"['0fgeMBoicPh1ZiXkJVCi5E', 'angry']"
"['2zETdkc5Wm23NLHEWDillV', 'angry']"
"['69dDr3w8IIcOGKwlW5XntT', 'relaxed']"
"['1yrquRdZk965GKv2kDHGpL', 'sad']"
"['6M2tqmsSytUi9o42LTjjFo', 'sad']"
"['1Ue1EeFy3jpKQLTR4HKMYF', 'happy']"
"['7bSC1LGg4kB0oltSx2E2eA', 'angry']"
"['2Xh7dyCHCErCv3PmdVEGw4', 'happy']"
"['31uidLEHAcF8Cw1cX1VCS8', 'relaxed']"
"['46U7SVM5rsLs7EZaCczHHp', 'angry']"
"['0OAfv038kxh9xLGjJ7fRLi', 'sad']"
"['6Zbv79YWB0iZSXwIwEsIOP', 'angry']"
"['3ci1aGelb4y8BxI5abOwCH', 'angry']"
"['5ahPl557niKxia8Kquw1yh', 'angry']"
"['5TKz8J4Noz4nZSFIOpHpMm', 'happy']"
"['5xFqDS7kANSCyzne6yqjIV', 'angry']"
"['1zEWet6TeWLmKJ96nyyXHU', 'happy']"
"['7L3KZewp6PJjUpRLlWtrQR', 'happy']"
"['4wMZXHd1NGlxqJexmXF9ge', 'happy']"
"['7c010UJj6NGc5QcM8EaIt3', 'relaxed']"
"['4xOTVtbCPcfxMs2hSt9D6i', 'angry']"
"['5W8YXBz9MTIDyrpYaCg2Ky', 'angry']"
"['62cYasTwBy6Y7pstdSTmHu', 'happy']"
"['3gYpsnUoDr1XJLw7f4EpZT', 'angry']"
"['1X62K9yd8TAsiaQCugXCCy', 'sad']"
"['59WN2psjkt1tyaxjspN8fp', 'angry']"
"['4fBCB93PpCeFrmwP6sa9PB', 'angry']"
"['5KNiyBWSCzzSbZxoTPlkFq', 'relaxed']"
"['0H12Tb13XgOBIBVRamZ5qM', 'happy']"
"['3MjCBrdnwQbQGl4UhXHgzP', 'happy']"
"['4Pnzw1nLOpDNV6MKI5ueIR', 'relaxed']"
"['3BJGwjQUlDPWzQeH3UA18C', 'happy']"
"['2QhekhXyyv08O3GAWuhklR', 'relaxed']"
"['5e2O3aBvM1jXxS3HbHioLU', 'relaxed']"
"['1L0rReDmm7sIYyHOdQlDIY', 'relaxed']"
"['6wDviYDtmSDZ0S6TVMM9Vc', 'happy']"
"['0BOav0FaagyDhh1FGw3Wza', 'relaxed']"
"['1EvG6DImPvp3pfPAgWzzGa', 'relaxed']"
"['77xNKAq581eD62ipzK81yc', 'sad']"
"['6ZAuCrqQWJUgSh4Ttdwlob', 'sad']"
"['3I6IRm7EjPea5vZKAnl4j4', 'happy']"
"['4tUOFydV4QoeqZOIoxzHNk', 'sad']"
"['1Oa00qGZCvl0lcjwmznvAp', 'sad']"
"['5LZLOOTwrA0HgTszqCgZ3C', 'sad']"
"['4liCRbkMKuBHFq4pi8ZY2i', 'angry']"
"['2DUkbddNcFTVwLvzvj7lUV', 'happy']"
"['36gQBgUJjbRbrMTyQUNl56', 'angry']"
"['6xOZCV4EPCupXwvqajSKzq', 'happy']"
"['3Enw80l6o1fUYaFSaCQfS8', 'sad']"
"['5iV7MYBfzSIPLeP3nzNQYp', 'angry']"
"['5R3F8oZ1m36IcNm6ioYZz3', 'happy']"
"['2ZPOHNME2LRuumFiTMVCeC', 'relaxed']"
"['0LjyfGDTHiKfdIa85y5oti', 'happy']"
"['0ZGC492TCRtYxYDTjdQQSC', 'relaxed']"
"['1YclHhJW1ZQAUea6vqHDR2', 'sad']"
"['4jGfAr6g3ynGEJPeL1vnjK', 'relaxed']"
"['4GKVuy4GRqRID0qUutva3k', 'relaxed']"
"['4KGyQfes7t5BiaoBvs380e', 'happy']"
"['5bTreLxwXfycKKyN9KftfK', 'happy']"
"['7H0OWqybanoiXV9HZKfwBh', 'happy']"
"['3B0GXJ8ssdSk4PFlOsTbQd', 'sad']"
"['7LEIMTGNUXTOWAexYlZXOB', 'happy']"
"['0lGQyNeR1XM7gkcwg8p4Pk', 'relaxed']"
"['1Q94WI2punbv0tABeSch7n', 'angry']"
"['6MMuI4k4Vs5ghtDH5i2hBg', 'angry']"
"['6FXjVsmKPW93LXRFYhfmmw', 'happy']"
"['2k84QmZ0JND5hFwFRWS2WH', 'relaxed']"
"['7m8leIR2d0XtLWm1lPXaKu', 'angry']"
"['3yjbzGRfkULIWrpVbLttuX', 'sad']"
"['0GxqCJ9d3aNAc6UROiV7os', 'relaxed']"
"['74v1pkfsUkCpawESagwpdb', 'sad']"
"['3NoOwvxhI2yMYknxqnFUVx', 'angry']"
"['5KF3zQP0cqLklYnF6riogg', 'sad']"
"['52VnbCW97efS5ycFHiw15f', 'relaxed']"
"['1UJNbgfTzG1gZZTWFJdMf1', 'happy']"
"['15zUyQPa91SOSeBf3w4ofr', 'relaxed']"
"['3bRp3zbbnqsWKNo0AYvopt', 'angry']"
"['2B4xg9cc7s2ug39Mwq3BFX', 'happy']"
"['7nkDYXJyGCxdxjxAvZeV6X', 'relaxed']"
"['4Z9R2haJASztRkUgh1Cgai', 'happy']"
"['4ACxa9buEUnOdYEoPcnMpi', 'happy']"
"['62LRJyUMu4OOtOrNgO6hCP', 'relaxed']"
"['59FwEQpuagQZQVP71h9OIq', 'angry']"
"['1es8ze3yvUplQRN98gf9cQ', 'angry']"
"['1FbdOL8kZCenAcxsNFD7LC', 'happy']"
"['5VTckb8MCKolqj8dIPi8KB', 'sad']"
"['6hoj2fpD27ELoVe2aK4fom', 'happy']"
"['6pMtdOSLOtTtd7fmtqeqGg', 'relaxed']"
"['3t3cv2Vb8XzjipocvYP22U', 'angry']"
"['6RGV97HIkgZJjme2dzilfg', 'sad']"
"['3BOQOd4qPpdiwvqMQyh2Yg', 'happy']"
"['0jKqcTDzbUv7chWlJiAuR5', 'angry']"
"['5ZBeML7Lf3FMEVviTyvi8l', 'happy']"
"['2F4FNcz68howQWD4zaGJSi', 'happy']"
"['0WPXlTF9IADmeaX86DoUr8', 'relaxed']"
"['42Gf2WCxCBYJoOLNIdVL8z', 'angry']"
"['086YwJQkdTiNqguJr05TG5', 'sad']"
"['7fxpqs4G8vj3rFYbJnsG7w', 'angry']"
"['1KsI8NEeAna8ZIdojI3FiT', 'happy']"
"['5wa2hZB7RPTiXuapfogEbU', 'sad']"
"['1eBpZAR0okmSHC6FAALaG9', 'sad']"
"['6rkLXv6jLFgCaCDTqFktCd', 'happy']"
"['6tetorrFfVEwugqcgfwEm1', 'happy']"
"['29QTIYAxeUMDWZK2J4Bosz', 'angry']"
"['6bZxJ5ZlC3piFgteNgeWSo', 'happy']"
"['1Ulh5rWbhhV3PltDadTBZC', 'sad']"
"['2QuqBHd1y3N268XVe2D115', 'sad']"
"['1FLEVJaXv8vZwunzQZSHLK', 'sad']"
"['00sydAz6PeOxYzwG1dRIPi', 'angry']"
"['5piPHieFIgwZjWGwLtIax0', 'angry']"
"['1PENRhwhQ1gihMdBrq4Ilx', 'sad']"
"['6JH9yWhgbm0y9iAJhCslNc', 'angry']"
"['4Lxn1JlGJwmmXpODrNvPA6', 'angry']"
"['4qqfI5oNO53a6W7nWfutKH', 'happy']"
"['1sDbvdJdkJ2lt0ZGbjtShA', 'angry']"
"['6pmuu4qSz2WrtGkBjUfyuz', 'happy']"
"['2XHG1C3ksw9EAclBFDYZ2M', 'angry']"
"['3kwkm14xPH5xsLRR5Fwx5M', 'angry']"
"['1UwqBuo4gLWhXOjLu4hukb', 'happy']"
"['5fPiWCdaoQHFTWWyrKB4CH', 'angry']"
"['5MIoOiIkw77j5OGDlDbM3v', 'happy']"
"['6zkTYKCmx2YUzHwK8mARyL', 'angry']"
"['4IQY0TThr7YebYWf2X07xC', 'angry']"
"['71kDpNoFnT9bJjaM0pfQl3', 'sad']"
"['4eAwB5pnKFTmsgc3zWoYO0', 'angry']"
"['5WwKzyAOGvnNqTIs0Tk8ei', 'happy']"
"['2Xwt7oYOO7qocIYNgirkLy', 'relaxed']"
"['3kadyssBaj5KzZiVxPjvRI', 'happy']"
"['7JGAMm6alQT6AAN8OTsy99', 'relaxed']"
"['2KH16WveTQWT6KOG9Rg6e2', 'angry']"
"['4GhVfmoRGg8N82nveeQgh0', 'relaxed']"
"['3BxWKCI06eQ5Od8TY2JBeA', 'happy']"
"['3IRuLLHQSIvGAlnyLST7Ut', 'sad']"
"['7jMl0r6ROhuUSaTj40INId', 'angry']"
"['4jWK598wEA0X0tQm6xIcPn', 'angry']"
"['76709jfVPvKWp7ChPQjCk7', 'happy']"
"['2RaA6kIcvomt77qlIgGhCT', 'angry']"
"['72pFw0zZA2qmHwasb6Dt1x', 'angry']"
"['49jWPMEvoGPNRYSd4vEXSo', 'relaxed']"
"['0G3ImRQDWtOTwTK1oL5uWF', 'angry']"
"['2VCuXCtoOxST2HxOj1SWaX', 'sad']"
"['1lYaDA4d43jJ6cllLiAI3t', 'relaxed']"
"['45YjbmNrNU5JIUqDeVpVkR', 'angry']"
"['3LeDLgQVWEB13IlhxR9iCu', 'happy']"
"['2OnJ5RZuyi4dubXKY0gEWM', 'sad']"
"['18YRUsBTJGmRGW2rhmA1SS', 'relaxed']"
"['54rn4mAECVoFxqUtrh3W9Z', 'relaxed']"
"['39lSeqnyjZJejRuaREfyLL', 'happy']"
"['1PUt8OaJs715TN8WldLonX', 'sad']"
"['5PTNEMUIsMwsq5IypNrHYM', 'happy']"
"['7iYCsnLlVwiWorT2iI727g', 'happy']"
"['5PdSt3wLGZuVNal1ms9uxI', 'sad']"
"['1BKT2I9x4RGKaKqW4up34s', 'angry']"
"['6yV2W1h4PZla1PE5s1zjVM', 'happy']"
"['4MN0ZmFppiiQsPE9HQKKsH', 'angry']"
"['7GNXRQ7AL3DHAfjgh7BkL8', 'relaxed']"
"['4k3K6Ke6KfAWb7zyQWrTEA', 'relaxed']"
"['3GcvxghJMdrNH92Rp2oMtV', 'relaxed']"
"['3QV7NYkrmV0Q0IHdFJw9hO', 'happy']"
"['2Bzx47OJqE54EmN6ppiMMZ', 'angry']"
"['3erQAddOalef7tmVpAZ3BV', 'angry']"
"['6eT2fNwiVD04D3R4uP5qOv', 'relaxed']"
"['2GSOOR5UXdDj9247nxyedO', 'sad']"
"['5iSRnQ0RBxBn19MoeNqhCi', 'happy']"
"['18Mh3v6rBCCpcNYzyaA2RN', 'relaxed']"
"['6vsyag9kEPckt19NClSf51', 'angry']"
"['7Guwk9x2j11UYR4mOaJvfx', 'relaxed']"
"['605ZHoLZx7PtQ8fXgvN10K', 'relaxed']"
"['4xP5cjA72WSiXNXql3glWS', 'happy']"
"['4a9i7rCLfPjbS1sNamZeQN', 'angry']"
"['7HDwtcqiUstuuq1dEszGk6', 'happy']"
"['1yDMqzf9oZzjn2UJtaQAuP', 'angry']"
"['5ftamIDoDRpEvlZinDuNNW', 'relaxed']"
"['0aULRU35N9kTj6O1xMULRR', 'happy']"
"['3SbYzzYOeuAadi1ShTXFXU', 'relaxed']"
"['1MMojvYXRUFhk6nSSWxnjT', 'relaxed']"
"['1ffbbYhbGlXBZ7l2Iyzvcg', 'happy']"
"['6PtMY654POS9nizEBvrdPD', 'relaxed']"
"['5Ui5PfcyH8TpeC1tHCXJ2I', 'angry']"
"['7lMGc58V3S7lD2SLNRdOKx', 'angry']"
"['2Uilp8alSjAxV0IXorUk9l', 'angry']"
"['660u9agQuREtEDmETVWSts', 'sad']"
"['0yNHIRmlzXJvC1dRK8hu0l', 'angry']"
"['0W1M8vt5AoAidBEah3NE0H', 'angry']"
"['1kWMqj68Dm5VHE3PXY7qJv', 'sad']"
"['2rd9ETlulTbz6BYZcdvIE1', 'angry']"
"['2AQZ89Q1ZZWsJNWwXZpLtY', 'relaxed']"
"['6YnnBx8Iq1XvlBrgonGLfP', 'happy']"
"['3nqm3DdVskqbHhmb8S8hMd', 'happy']"
"['1WoBpp4xnjlHRiIYhxvXBo', 'sad']"
"['4ZOyH6KjomjlqCz3oFqglr', 'happy']"
"['13J9Rdr35e9ktyaRm6VtLj', 'happy']"
"['0NwncLo335WFqNKl9xhXrB', 'sad']"
"['4SLlP0X8rDBrVt3f5mz4fr', 'sad']"
"['4ghtc1qkwPW5CIjYrac1MJ', 'sad']"
"['6gQUbFwwdYXlKdmqRoWKJe', 'happy']"
"['3xiYn2FVh7XOlhb8pBrELg', 'sad']"
"['7kYsV81UkV4z7UuF94u8T6', 'sad']"
"['0dt3XQL7LjTNyizTXY00yD', 'angry']"
"['0rhUvAqeXfG4gl4IZhglgX', 'relaxed']"
"['5IVuqXILoxVWvWEPm82Jxr', 'happy']"
"['28clONjZmul6FjfO6tZQDE', 'angry']"
"['6tSgx0vnHZAZkgy9xGnJj1', 'relaxed']"
"['4dldnOikYFCNhYzAQIR3vz', 'relaxed']"
"['0ge1WFjPBWnfPz0JnlC212', 'angry']"
"['3LslBdXSdbpjlQsXAG4Gbg', 'relaxed']"
"['6yT7kcpsXNW7QS9xunPaox', 'happy']"
"['4ReyTz0y3TGkX48wO3Llot', 'angry']"
"['5CVqXxxrEjllLldXeIyNDS', 'happy']"
"['3DQVVSgYuqVIrYpjXnjhsn', 'angry']"
"['2dId9x9fxcaeAOswSIBC39', 'sad']"
"['48NXpYRuvv9izul4oXhqS9', 'happy']"
"['5JLy9IPZhFwmPBlPjcqDL0', 'relaxed']"
"['3qmia7zOrWK9CkK8wWUkbz', 'happy']"
"['1OhqL9yY8DfQxx5mTpa2LK', 'angry']"
"['2WaPENhrq1MEy1qk6iKnCh', 'angry']"
"['27CwCwu3EocFMESQRc78iC', 'relaxed']"
"['4mh9r7aeFt74NXIjDOtnPt', 'relaxed']"
"['2yPi8Ayxxe8K3UpnQWk3ZX', 'angry']"
"['26uVP8g7Uijo0zuN22De3x', 'angry']"
"['5LcJCJRl9NveVAvVnwvwQv', 'relaxed']"
"['6lGCtYqiPKyolpvXjSIyqM', 'relaxed']"
"['0PhCZ8OiGK8MJQPheZCCkE', 'happy']"
"['2uMqG8w8oi09fB2YA2QLOm', 'relaxed']"
"['07C7VmWaDTgEpWXoRESZu8', 'happy']"
"['7KWoeBqSdZHEloYKVxssfG', 'sad']"
"['1Hd9I5eGPhOzc4M6C0pgME', 'sad']"
"['5ASM6Qjiav2xPe7gRkQMsQ', 'happy']"
"['2dCmGcEOQrMQhMMS8Vj7Ca', 'happy']"
"['1gFMesXcHHtIUhwzxYFOtz', 'happy']"
"['0Diywwc3q1HlBiVxCC61jK', 'relaxed']"
"['2gnYFQWMzj8bNX4dDJyWzW', 'angry']"
"['5k0RmmWmBJ0NS1RiYViRhL', 'sad']"
"['76MWVBZtNelwLCgHFIUmeZ', 'sad']"
"['4mmkhcEm1Ljy1U9nwtsxUo', 'happy']"
"['3WEDBjYdFN9anBLB87w9b8', 'relaxed']"
"['1606YioG1iVJRgY5zBiO76', 'angry']"
"['4b8Of9pmPK53OVWzvJZhbB', 'sad']"
"['70dCC0rTy7tPe3ngnzOiXB', 'happy']"
"['1GRrzMxlK18DQ9BGKtYGaF', 'sad']"
"['2vhLg9UmWgq6nOTEWcxFdF', 'happy']"
"['6vjvewW34Y3UiGQtJokGlY', 'angry']"
"['25mndadBFdCxQqR2avswPU', 'relaxed']"
"['0BRBDRdjgP4Iw8coBDAeeT', 'angry']"
"['6oqmd7agyZJHQIAvWBQWFb', 'sad']"
"['3D6t68V5WfxEIMbwcARLia', 'sad']"
"['7dIkQYmRsKXAbzshwF7pjI', 'angry']"
"['4gLro52WoEK40Y7CZn6mIK', 'relaxed']"
"['16E3NpOus2rI6n13pBqTtH', 'sad']"
"['5Ekl5FAyUZNf2SaJjHG7qY', 'angry']"
"['15EFDhVPZN6UCBv2FEuwie', 'relaxed']"
"['616zusHts9mIswHJcCDVPv', 'relaxed']"
"['3RcrFgETR1QGjzV6ZzIRBy', 'happy']"
"['17CEV2efL5t6TWx7pis3iL', 'angry']"
"['7qfdXy1NqvyXDt9epJrhip', 'sad']"
"['2pL9xr4Mznff997e4jcoos', 'happy']"
"['2Hw2JEL4tjdcX8aERfIdBF', 'happy']"
"['6lfdNOGyPwrLEG8NLb9zrf', 'happy']"
"['1skZbRX6ZDmXwkKAPpb9UU', 'sad']"
"['2YgW2VVOwQItMkKW07fMt8', 'relaxed']"
"['2EM9zpAc7PVeoAydmbfVIL', 'happy']"
"['3ZXL2lrkp5fhngxjnqQwYk', 'sad']"
"['3bhZuw0gZRLEOGeggjWzpP', 'relaxed']"
"['1GJgoTGiGtQ06yYFHskUh6', 'relaxed']"
"['5qR5b6Coq6srVHsa7vi7a0', 'sad']"
"['3IEzreL1rgY1oIYQJJSJcy', 'relaxed']"
"['70ZOFZ8cbS7bc7TFCwoVi2', 'happy']"
"['3dOfHE5J4Qsj1hJ35vnfn4', 'relaxed']"
"['3mFg1Hn5faLMFK4HNDjhnc', 'angry']"
"['3hoNWNGpZrwlSKSemkvgBu', 'angry']"
"['0Khglq7RzCkdC1X30NWqMm', 'happy']"
"['317OFkOkfWixmWU1goDjwo', 'relaxed']"
"['22xP891llVIF0ThYVzqyoW', 'sad']"
"['0at89DgpVeImkVrQ0htbVm', 'angry']"
"['2lpSv2umWc4h3EYB4t9QKG', 'angry']"
"['3UzO2XqkuoVtoD2diEbBZu', 'angry']"
"['35fPdv1EKm9pV8pXPUB8o1', 'happy']"
"['01drW5lmrI1SWrSkDzivsj', 'happy']"
"['63oVkEVfk5KcFGdXVoA9NA', 'sad']"
"['6O2mR6QeF3F8BZDsXEqc4G', 'relaxed']"
"['03Yv8adIIOsRACDHLUYS9l', 'angry']"
"['1okTOYnkaFdBecy40SZTjc', 'sad']"
"['3LwfE3USKwANPjPz34iGDZ', 'angry']"
"['656TZu3G6rnfK9m2Y0zR6g', 'sad']"
"['5lCRPA4XEg4VPbNu0lDHBA', 'relaxed']"
"['0HSO9R3uK9nXAjESTksaLV', 'angry']"
"['0XmV8PXiv6s86aH31tI998', 'angry']"
"['6qxJcZgS7z2aBSwC4PNxVA', 'sad']"
"['1zW2csx1vVJrKfvDrFQNVt', 'happy']"
"['4DppGM42Nkckgnv4uJVLze', 'angry']"
"['5Md11uzTcHNXMWOJAz60Zd', 'angry']"
"['0Kd96idEL2xXYoSbuvCLfa', 'angry']"
"['2PeyQvyaViallofbtwS4PL', 'sad']"
"['1fP1WSFBzETeHyQux5ZrQ8', 'angry']"
"['4AuklilJZW4D3IrWpirfeY', 'relaxed']"
"['0TvWULuyrFnu5PmBfDaesd', 'sad']"
"['7m1TJgrWNy72WgKmK51QgJ', 'happy']"
"['0bGUHUjU8IZxH2NugIjTX9', 'relaxed']"
"['5at039gZfHTvOK3gSLni5m', 'happy']"
"['0cSlKH8BR5r8Q9k8NoKkdD', 'sad']"
"['3ygA3p2qb96FuzDLRXFwIN', 'happy']"
"['4JIfgJkxaWu9I2gdNR3wi5', 'sad']"
"['0LoLvmvdF23Zj29Jg4ZNkX', 'happy']"
"['7ex9neMYKdYwomwUfYrLJ6', 'sad']"
"['2yL4HyjxwC8RrVeH4Xzq7Y', 'sad']"
"['3XFuPqz7LH9iiMLl4Q8YnN', 'sad']"
"['0goEaYw1cI7ubi2YO2WMFJ', 'relaxed']"
"['2Yf0HjCklkx54C4wQzhvzH', 'sad']"
"['4SoRvuR09go03chQROV80q', 'sad']"
"['3eHe9HIqC8Z5LN84X9eULV', 'happy']"
"['0FbvaiqG0UHSVzAl1p4Nmg', 'angry']"
"['1gcESexgftSuLuML57Y69q', 'happy']"
"['4RY96Asd9IefaL3X4LOLZ8', 'happy']"
"['6TPuL0IRzvOypCzd3cPuUc', 'relaxed']"
"['2gscB6kDOmrv1P6qs2KXE3', 'angry']"
"['2wiRaJG78MwRqBWnDSoO4H', 'angry']"
"['6TsWlrVgAmotYS9Ahnbr2j', 'angry']"
"['6vUCadcEprhgMPKAqBYNwi', 'happy']"
"['5lOV1OnHMswQkdYsiWlQTo', 'angry']"
"['3R4KSdXIVmVwt08TMSZNPo', 'sad']"
"['5clUjbxHSe1IEJX7LEH3rv', 'happy']"
"['32le5VSoeqPmuVYZGE6b6a', 'relaxed']"
"['0PhxP19seKYf1fAUC1H3bS', 'happy']"
"['25suYHVUwWFTG6G31kuhZH', 'angry']"
"['1rSo624QuuCteNxAzsU3SV', 'angry']"
"['0wdZXaPbZtvGQ9NyQkY7Nc', 'relaxed']"
"['0hJPZ0v8QxRwGIKiMGKE1G', 'relaxed']"
"['5g27jHKzEGQiVqJPrPqQXS', 'sad']"
"['2dYdai0GywuwYq6blSwDBV', 'happy']"
"['1LMxJZqqlUWjsKFw9dtv5d', 'sad']"
"['7H7z8KO3qSI1yPoSoq65a6', 'sad']"
"['2ifkL7JBinl6PnLzIrTKIy', 'sad']"
"['2UKkLqST2xWpK8n1b0Xr5Z', 'relaxed']"
"['0lIRCdbjxkgWRXrWk5o0mG', 'sad']"
"['59CLe8stbcx4XYBWdsfbwK', 'happy']"
"['0S5XVnYJhyhr49gnfI25Pe', 'relaxed']"
"['0TIfMyq3MtmQhNJVXJKcJP', 'angry']"
"['1TEZWG1FdjzDdercCguTwj', 'angry']"
"['4LTtLIIrq1krMtYsb4x1dz', 'relaxed']"
"['1OSgxqD00RizIDSXTsUHpM', 'relaxed']"
"['1N43NZc88HYxJNcO3MFfOh', 'relaxed']"
"['2vG1yrWSMiL6egg6w4e9ma', 'happy']"
"['4Y31epheGTOoPf29EAGwly', 'relaxed']"
"['5bq9n41pwbgvD6Mr56Rmsb', 'relaxed']"
"['1VS6BYKweyrXaouFwSdgco', 'relaxed']"
"['7BMuKPHloDCW2MQUGPRzX6', 'happy']"
"['34rOW0yx7mEBKfvI8b2wSK', 'happy']"
"['0vwCaq6juiCDaXmG1DaWoI', 'relaxed']"
"['1XHFob24QklIXtLRopKirJ', 'happy']"
"['5GHwCpwEos0FzYe55slXEp', 'happy']"
"['50bLhW9P0G69TiQP62qCEU', 'sad']"
"['5mCo4K10tQf80jq6qHUqSQ', 'relaxed']"
"['2855a8NCBwEAAdnJftGizK', 'angry']"
"['21aDHnHXtZqnxqLaD0chkG', 'relaxed']"
"['2TdeOeERVuFCgeYBqnbUvS', 'relaxed']"
"['6rRIRMEhVclbTleCJQsrPm', 'angry']"
"['4Oxqxj2CnBvsNSwv0oFHP1', 'sad']"
"['6cvh4pnFG4V6md9pEglFhE', 'angry']"
"['714hERk9U1W8FMYkoC83CO', 'happy']"
"['28XN8ncs0OBodA23W4ysZg', 'angry']"
"['6C7ZgThn6Yan5MTZdAEEFw', 'angry']"
"['5txrJzhPIrRqfvtnvZGcbX', 'happy']"
"['6fZaPdmxn2NfrO5LnZjwE1', 'angry']"
"['6wjvMDjlWON7rSRi54OQg3', 'sad']"
"['3roVlQAELe3DGGTfCwcdvL', 'happy']"
"['5ZxkUE7gE1ILJ7k7lahM2a', 'relaxed']"
"['3vEmpJQC2p8h0U3OiBufQm', 'angry']"
"['5Genp2tGRn0vwM9F5pHMKu', 'angry']"
"['38E7U60ipLSTVDcPIuVzZw', 'relaxed']"
"['3UQAKY0SUEonxneROvv4jy', 'angry']"
"['32Uk6r7BFqNfpUVOFuQZFk', 'angry']"
"['2UVLuddklEVak5PXgC7baA', 'happy']"
"['005lwxGU1tms6HGELIcUv9', 'happy']"
"['5jv3QxL0MFswzM1UJ2qQJM', 'happy']"
"['0xd0fSicoF2FkERilhKFMh', 'angry']"
"['54hjFPLAWMurvAqlh0fifV', 'angry']"
"['5YUJMvTg4AWHKjqQidTsGK', 'angry']"
"['47kkvqvjIhLm2DVPsDSiv0', 'relaxed']"
"['5xTqhUcwPm8BSS8h7m3fYr', 'sad']"
"['21Ip9RJUnaeNZsiDcPXyaV', 'sad']"
"['4Q1w4Ryyi8KNxxaFlOQClK', 'angry']"
"['7x8dCjCr0x6x2lXKujYD34', 'angry']"
"['4QVahUFZxZkHZYzCvwilit', 'happy']"
"['1ynmMEK1fkyiZ6Z6F3ThEt', 'happy']"
"['1Hp6QUfxfwcyLoO7b2Ub2j', 'sad']"
"['5r5sZ86FGRzcu4DvgANioJ', 'angry']"
"['7vlEsbJ73GcQtz6sMzZmEP', 'angry']"
"['1Zd5KxenhiRD0OpIf9Dfmh', 'sad']"
"['0hekPOS16CEulczSGsm7Lz', 'sad']"
"['206dccqnCtUSlHpDE2t216', 'angry']"
"['3Yj9lNYD0su1mbTtA1ktat', 'sad']"
"['37n9zBD7h4IKimhkOfoFwf', 'angry']"
"['4goJhfQRbNfYybpYf9xmbL', 'angry']"
"['2XGRcNVv7uJozHCRLl7SG8', 'happy']"
"['6TBhIzjK8HiSct7nDBvS1q', 'relaxed']"
"['5UjqXQ77VtXZtvC9M0B0Wy', 'relaxed']"
"['2wdjY5H8f2LZK8MzV4VC5O', 'happy']"
"['69BSguYY4m6b1yibQdUBst', 'relaxed']"
"['1fYlwOcveGY10W1bNNfpGk', 'relaxed']"
"['2ah5DafCq7uY2oEaFiEo53', 'sad']"
"['0Xg83aamMzaem9sXo3wbeB', 'sad']"
"['2kijrPqAeHdmLoaSAW2pJY', 'sad']"
"['0obzF8a4DaF3XrlOB16xlx', 'angry']"
"['7E59jQtLYgaJwCwxnMECvk', 'happy']"
"['6pyOfYl14MFI3rDhr5v1hd', 'relaxed']"
"['4jfWUWOkvZ3rcjtCOV0ER9', 'angry']"
"['0fkEg76d1WPVmCJpCLyfv8', 'sad']"
"['3Bx2b6DkK0lOLuwnLVaULP', 'sad']"
"['2Ei5auE9kCmwKB2JZtKPKO', 'relaxed']"
"['1n5FryrkkpjnDCsdmg9QG3', 'happy']"
"['3Tzvb09v01Vnmcz3eMuRyn', 'sad']"
"['2yT7HjDXV9ni3MN5s1Z3G2', 'sad']"
"['0qQLbYR9WBEuKARbN0Lttw', 'sad']"
"['4IHbylDFU8KEPlIJms5TlD', 'sad']"
"['07CUEJZd1N8NFKcIeHiFbR', 'angry']"
"['4KXYCQVoIFm4fI4RmNA6aN', 'relaxed']"
"['0KPDxUvVt6TjBsq5ccU7yn', 'happy']"
"['3YNKbymzBpPlqGTQnwtYWn', 'sad']"
"['4dGJf1SER1T6ooX46vwzRB', 'happy']"
"['3Q4apI1afNqKP5Ibw6VyKo', 'happy']"
"['4Hruh5C0Ef3y8mIcns5Y1O', 'sad']"
"['3hjlbE0SGa14RtACTBJoLz', 'sad']"
"['4mtRuEDlwvtnsge8Owi22c', 'relaxed']"
"['65xpIwIluxmO6PBW7c7aqw', 'angry']"
"['4iLG33TT4HaVILLC0q4rEn', 'sad']"
"['1w5iUg5lhu6pHS1IMeD6XE', 'relaxed']"
"['0ce0IMri055V8kqyS5FD0U', 'angry']"
"['0gr97EET1vP85jcFESMYRK', 'angry']"
"['0CMVsbg78bj3L93fNgu2pA', 'happy']"
"['65E3ajL0Yz7kljk89Qdm6Q', 'sad']"
"['5UBwj5nkXWNuhpIbVirNsX', 'angry']"
"['1IehEIgrU7Xw0rZxNzKGD2', 'relaxed']"
"['7JGmpugbdiVWskY1S3EmTY', 'happy']"
"['7mfvOqsvzZaUl7sfbcNk4E', 'relaxed']"
"['2EWRUGLGX59cwdpIZjmkQO', 'relaxed']"
"['1E41ejYAED4jQK2SndkS0V', 'happy']"
"['16Elz7HJPLZPMylp13ewxv', 'angry']"
"['0xyx6J1l9808WlAJiTInqq', 'happy']"
"['7vGo6GXSO3A7YO7zZSHt0F', 'happy']"
"['4nV4DeULLAGkd8uIo2z0FR', 'sad']"
"['7uvvBcIxL06JZF8v1o1zzj', 'angry']"
"['3KKHc3d1GNoFBbIPZWTc0U', 'happy']"
"['51hyMBGyW5xQpwy1WQ24Db', 'angry']"
"['6DqNZJ4hhBYd8qj9WbpSTJ', 'happy']"
"['6QyQRQ39cdIvMMXa7bKo5X', 'sad']"
"['2xtunlrmS84VlrqtuvKOLL', 'happy']"
"['149O9QLSNPs5DVgN6qnMEb', 'angry']"
"['60BmLiP4Q7iqhzNq3OfehR', 'angry']"
"['487uZHjPqwQWAMKdabHJnZ', 'happy']"
"['6azwgyc7oNJvcsYyzqkiA5', 'sad']"
"['5s34iqevgf2cWjngBTaUUh', 'relaxed']"
"['75l90Py7SZymvoQINih5ag', 'angry']"
"['2SknHmwY6GiOv6aK7YRahd', 'happy']"
"['4wcgHK1rK8B0vKUQsMRSbH', 'relaxed']"
"['3XcT4NCMoPXyY5U2GCq7Ph', 'sad']"
"['0r8iDf65NHgFgZOGLwj5r8', 'happy']"
"['5z79Fpw4FEEkSzt8Lbwr46', 'angry']"
"['4wSWZjWH7a5eVxskGxO13w', 'happy']"
"['19wEvsrtK0USRbfXcG7ToK', 'happy']"
"['6sNT5PF1SjTYgMiAIQGYMd', 'sad']"
"['3j1fs2X0ibiihnM4Fd4A2D', 'happy']"
"['36ptC75Bp6pKICI1lE8QHS', 'relaxed']"
"['5CNs4YXFuXSgAHeRQb4B5T', 'angry']"
"['65xpIwIluxmO6PBW7c7aqw', 'angry']"
"['6tJwxMPnKJijb7lrClG9RV', 'sad']"
"['36N0wCA0Jn5KrlinaChvig', 'angry']"
"['41kOdUYJOPwl8nAZr7dsts', 'happy']"
"['6lvZdIVtCKpLwA7DTINPXQ', 'angry']"
"['5y6WoLQ8rd1u3cDvndFGlX', 'angry']"
"['3Q6aslDsDC0897i2hy6w76', 'sad']"
"['2h7JrR9FmFzkZsOV7t2wkk', 'happy']"
"['1mXRkKVh9dLk20dG8dj7h5', 'relaxed']"
"['36BGk42n6upPWiMCWpBQKL', 'relaxed']"
"['3EixrP74QvVXmX5sOP3ul6', 'happy']"
"['66Inukvq1EdCKCrsD923DC', 'angry']"
"['72hcFp4tYkd3dbNA9dZ3Pv', 'happy']"
"['0s6pGOvS0AaqNemE1foyDm', 'relaxed']"
"['5gXq42AID9epxKRnbofikC', 'happy']"
"['2vVeFbGTQmp9w25896BDAl', 'happy']"
"['5XMJBKj01EU7asjQCAlYhu', 'relaxed']"
"['4pQW3GkQgdZ4elWLtvJ4IM', 'sad']"
"['33jXZCskHTfXtmBd2EImNy', 'sad']"
"['3OOFEF20WqtsUPcRbPY3L7', 'happy']"
"['1g8lVIsEkDaGD1nKw6fwUb', 'angry']"
"['4OhucYHL6HRRMw6KxaQjM4', 'happy']"
"['3NUgO0esCa598YWabEdNYg', 'happy']"
"['5Z01UMMf7V1o0MzF86s6WJ', 'angry']"
"['0BL8lMIb6TrDsfJSReVGOi', 'sad']"
"['2ItPID4dgSL1t1ZbZCrg5S', 'happy']"
"['57OqCwzNsCVYwSbfKbDzyY', 'happy']"
"['5BY0p2EH4EznNZ0MFD9mjt', 'happy']"
"['0lKWoCC96oxf1w8okrhKus', 'happy']"
"['0U316O0uMo9EgxdZkCTdhX', 'relaxed']"
"['3mq52GHIpouaYHdNIX84Sf', 'relaxed']"
"['3X4qUkEhAvGY3qIlpNh1sl', 'angry']"
"['5J221XVh7Kxg2bC4IWQ19n', 'relaxed']"
"['4WFYHBYhFA6tmCRYKng2MB', 'angry']"
"['3bSnE01X7tezLVR8ppZjvB', 'angry']"
"['0EtzpDX05udzfLcGntGbGU', 'angry']"
"['00AxXSPBavEKf4hwgX6ZMo', 'angry']"
"['4xNvOGQszKdnH1gGhytLzZ', 'sad']"
"['7nFfCC5sBhwRVjdaciVGME', 'angry']"
"['6J7cSyvSCnPwv3vqHchEfL', 'sad']"
"['0XPuBeH9uAMmwNi0gxIe6r', 'relaxed']"
"['7zrcNlGoGQeiY51cJfHR0u', 'happy']"
"['6U6xqSHPuiOJKLkVw79b7Z', 'happy']"
